Item1,Item2,Weights
1201,1203,123
1224,1227,4.95
1224,1228,3.36
1224,1231,5.23
1224,1235,0.28
1224,1226,3.36
1224,1230,2.85
1224,1257,1.78
1224,1258,1.96
1224,1264,2.15
1224,1266,3.97
1224,1229,5.95
1224,1238,3.97
1224,1243,1.96
1224,1203,7.39
1224,1214,0.51
1224,1215,1.96
1224,1216,1.68
1224,1225,3.74
1224,1233,0.7
1224,1236,1.26
1224,1222,4.25
1224,1234,1.34
1224,1197,7.39
1224,22063,5.99
1224,1220,6.26
1224,22072,1.5
1224,1212,0.98
1224,1253,1.96
1224,1237,1.96
1224,1195,8.19
1224,1213,1.96
1224,1251,1.96
1224,1196,6.49
1224,1221,6.26
1224,1242,3.97
1224,1247,1.96
1224,1248,3.97
1224,1223,2.2
1224,1239,1.96
1224,1240,3.97
1224,1241,1.96
1224,1245,1.96
1224,1246,3.97
1224,1252,3.97
1224,1254,3.97
1224,1217,0.89
1224,1218,0.65
1224,1219,1.96
1224,1244,3.97
1224,1379,1.96
1224,1200,6.99
1224,1202,6.49
1224,1204,3.97
1224,1205,3.97
1224,1260,1.78
1224,1263,1.96
1224,1265,2.15
1224,1267,3.97
1224,1268,1.26
1224,1255,1.96
1224,1256,3.97
1224,1259,2.15
1224,1261,1.78
1224,1262,1.96
1224,1380,3.97
1224,1232,5.23
1224,9321,5.95
1224,7474,0.0
1224,1249,1.96
1224,1250,3.97
1224,1208,5.79
1224,1207,4.49
1225,1229,5.95
1225,1230,2.85
1225,1233,0.7
1225,1224,1.96
1225,1228,3.36
1225,1231,5.23
1225,1236,1.26
1225,1234,1.34
1225,1235,0.28
1225,1195,8.19
1225,1226,3.36
1225,1237,1.96
1225,1238,3.97
1225,1243,1.96
1225,1244,3.97
1225,1261,1.78
1225,1263,1.96
1225,1216,1.68
1225,1239,1.96
1225,1251,1.96
1225,1258,1.96
1225,1259,2.15
1225,1203,7.39
1225,1204,3.97
1225,1205,3.97
1225,1214,0.51
1225,1215,1.96
1225,1257,1.78
1225,1222,4.25
1225,1241,1.96
1225,1242,3.97
1225,1218,0.65
1225,1223,2.2
1225,1227,4.95
1225,1197,7.39
1225,22063,5.99
1225,1220,6.26
1225,22072,1.5
1225,1212,0.98
1225,1253,1.96
1225,1213,1.96
1225,1196,6.49
1225,1221,6.26
1225,1247,1.96
1225,1248,3.97
1225,1240,3.97
1225,1245,1.96
1225,1246,3.97
1225,1252,3.97
1225,1254,3.97
1225,1217,0.89
1225,1219,1.96
1225,1379,1.96
1225,1200,6.99
1225,1202,6.49
1225,1260,1.78
1225,1264,2.15
1225,1265,2.15
1225,1267,3.97
1225,1266,3.97
1225,1268,1.26
1225,1262,1.96
1225,1255,1.96
1225,1256,3.97
1225,1380,3.97
1225,9321,5.95
1225,1207,4.49
1225,1208,5.79
1225,7474,0.0
1225,1249,1.96
1225,1250,3.97
1225,1232,5.23
1226,1224,1.96
1226,1227,4.95
1226,1230,2.85
1226,1231,5.23
1226,1235,0.28
1226,1257,1.78
1226,1258,1.96
1226,1264,2.15
1226,1266,3.97
1226,1225,3.74
1226,1229,5.95
1226,1228,3.36
1226,1234,1.34
1226,1233,0.7
1226,1237,1.96
1226,1238,3.97
1226,1243,1.96
1226,1244,3.97
1226,1261,1.78
1226,1263,1.96
1226,1216,1.68
1226,1239,1.96
1226,1251,1.96
1226,1259,2.15
1226,1203,7.39
1226,1204,3.97
1226,1205,3.97
1226,1214,0.51
1226,1215,1.96
1226,1236,1.26
1226,1241,1.96
1226,1242,3.97
1226,1218,0.65
1226,1223,2.2
1226,1197,7.39
1226,22072,1.5
1226,1195,8.19
1226,1212,0.98
1226,1213,1.96
1226,22063,5.99
1226,1221,6.26
1226,1222,4.25
1226,1247,1.96
1226,1248,3.97
1226,1220,6.26
1226,1240,3.97
1226,1245,1.96
1226,1246,3.97
1226,1252,3.97
1226,1253,1.96
1226,1254,3.97
1226,1217,0.89
1226,1219,1.96
1226,1379,1.96
1226,1196,6.49
1226,1200,6.99
1226,1202,6.49
1226,1260,1.78
1226,1265,2.15
1226,1267,3.97
1226,1268,1.26
1226,1255,1.96
1226,1256,3.97
1226,1262,1.96
1226,1380,3.97
1226,1232,5.23
1226,7474,0.0
1226,1250,3.97
1226,1207,4.49
1226,1208,5.79
1226,1249,1.96
1227,1224,1.96
1227,1228,3.36
1227,1231,5.23
1227,1235,0.28
1227,1226,3.36
1227,1230,2.85
1227,1257,1.78
1227,1258,1.96
1227,1264,2.15
1227,1266,3.97
1227,1229,5.95
1227,1234,1.34
1227,1225,3.74
1227,1236,1.26
1227,1243,1.96
1227,1197,7.39
1227,1214,0.51
1227,1233,0.7
1227,22063,5.99
1227,22072,1.5
1227,1237,1.96
1227,1242,3.97
1227,1247,1.96
1227,1248,3.97
1227,1220,6.26
1227,1221,6.26
1227,1222,4.25
1227,1223,2.2
1227,1238,3.97
1227,1239,1.96
1227,1240,3.97
1227,1241,1.96
1227,1245,1.96
1227,1246,3.97
1227,1251,1.96
1227,1252,3.97
1227,1253,1.96
1227,1254,3.97
1227,1212,0.98
1227,1215,1.96
1227,1216,1.68
1227,1217,0.89
1227,1218,0.65
1227,1219,1.96
1227,1244,3.97
1227,1379,1.96
1227,1195,8.19
1227,1196,6.49
1227,1200,6.99
1227,1202,6.49
1227,1203,7.39
1227,1204,3.97
1227,1205,3.97
1227,1213,1.96
1227,1260,1.78
1227,1263,1.96
1227,1265,2.15
1227,1267,3.97
1227,1268,1.26
1227,1255,1.96
1227,1256,3.97
1227,1259,2.15
1227,1261,1.78
1227,1262,1.96
1227,1380,3.97
1227,1250,3.97
1227,1208,5.79
1227,1207,4.49
1227,1232,5.23
1227,1249,1.96
1228,1224,1.96
1228,1227,4.95
1228,1231,5.23
1228,1235,0.28
1228,1229,5.95
1228,1230,2.85
1228,1238,3.97
1228,1243,1.96
1228,1258,1.96
1228,1203,7.39
1228,1214,0.51
1228,1215,1.96
1228,1216,1.68
1228,1225,3.74
1228,1233,0.7
1228,1236,1.26
1228,1234,1.34
1228,1226,3.36
1228,1237,1.96
1228,1244,3.97
1228,1261,1.78
1228,1263,1.96
1228,1239,1.96
1228,1251,1.96
1228,1259,2.15
1228,1204,3.97
1228,1205,3.97
1228,1213,1.96
1228,1197,7.39
1228,22063,5.99
1228,22072,1.5
1228,1212,0.98
1228,1242,3.97
1228,1247,1.96
1228,1248,3.97
1228,1220,6.26
1228,1221,6.26
1228,1222,4.25
1228,1223,2.2
1228,1240,3.97
1228,1241,1.96
1228,1245,1.96
1228,1246,3.97
1228,1252,3.97
1228,1253,1.96
1228,1254,3.97
1228,1217,0.89
1228,1218,0.65
1228,1219,1.96
1228,1379,1.96
1228,1195,8.19
1228,1196,6.49
1228,1200,6.99
1228,1202,6.49
1228,1260,1.78
1228,1264,2.15
1228,1265,2.15
1228,1267,3.97
1228,1257,1.78
1228,1266,3.97
1228,1268,1.26
1228,1255,1.96
1228,1256,3.97
1228,1262,1.96
1228,1380,3.97
1228,1207,4.49
1228,1208,5.79
1228,1249,1.96
1228,1250,3.97
1228,1232,5.23
1229,1225,3.74
1229,1230,2.85
1229,1233,0.7
1229,1224,1.96
1229,1228,3.36
1229,1231,5.23
1229,1238,3.97
1229,1243,1.96
1229,1258,1.96
1229,1203,7.39
1229,1214,0.51
1229,1215,1.96
1229,1216,1.68
1229,1226,3.36
1229,1227,4.95
1229,1234,1.34
1229,1235,0.28
1229,1236,1.26
1229,1197,7.39
1229,1220,6.26
1229,1221,6.26
1229,22063,5.99
1229,22072,1.5
1229,1212,0.98
1229,1253,1.96
1229,1237,1.96
1229,1242,3.97
1229,1247,1.96
1229,1248,3.97
1229,1222,4.25
1229,1223,2.2
1229,1239,1.96
1229,1240,3.97
1229,1241,1.96
1229,1245,1.96
1229,1246,3.97
1229,1251,1.96
1229,1252,3.97
1229,1254,3.97
1229,1217,0.89
1229,1218,0.65
1229,1219,1.96
1229,1244,3.97
1229,1379,1.96
1229,1195,8.19
1229,1196,6.49
1229,1200,6.99
1229,1202,6.49
1229,1204,3.97
1229,1205,3.97
1229,1213,1.96
1229,1257,1.78
1229,1260,1.78
1229,1264,2.15
1229,1265,2.15
1229,1266,3.97
1229,1267,3.97
1229,1268,1.26
1229,1262,1.96
1229,1263,1.96
1229,1255,1.96
1229,1256,3.97
1229,1259,2.15
1229,1261,1.78
1229,1380,3.97
1229,9321,5.95
1229,1232,5.23
1229,1208,5.79
1229,1209,4.3
1229,1207,4.49
1229,7474,0.0
1229,1249,1.96
1229,1250,3.97
1230,1225,3.74
1230,1229,5.95
1230,1233,0.7
1230,1224,1.96
1230,1226,3.36
1230,1227,4.95
1230,1231,5.23
1230,1235,0.28
1230,1257,1.78
1230,1258,1.96
1230,1264,2.15
1230,1266,3.97
1230,1228,3.36
1230,1238,3.97
1230,1243,1.96
1230,1203,7.39
1230,1214,0.51
1230,1215,1.96
1230,1216,1.68
1230,1234,1.34
1230,1237,1.96
1230,1239,1.96
1230,1251,1.96
1230,1259,2.15
1230,1204,3.97
1230,1205,3.97
1230,1236,1.26
1230,1197,7.39
1230,1220,6.26
1230,1221,6.26
1230,22072,1.5
1230,1212,0.98
1230,22063,5.99
1230,1242,3.97
1230,1247,1.96
1230,1248,3.97
1230,1222,4.25
1230,1223,2.2
1230,1240,3.97
1230,1241,1.96
1230,1245,1.96
1230,1246,3.97
1230,1252,3.97
1230,1253,1.96
1230,1254,3.97
1230,1217,0.89
1230,1218,0.65
1230,1219,1.96
1230,1244,3.97
1230,1379,1.96
1230,1195,8.19
1230,1196,6.49
1230,1200,6.99
1230,1202,6.49
1230,1213,1.96
1230,1260,1.78
1230,1263,1.96
1230,1265,2.15
1230,1267,3.97
1230,1268,1.26
1230,1255,1.96
1230,1256,3.97
1230,1261,1.78
1230,1262,1.96
1230,1380,3.97
1230,1232,5.23
1230,1207,4.49
1230,1208,5.79
1230,1250,3.97
1230,1249,1.96
1231,1224,1.96
1231,1227,4.95
1231,1228,3.36
1231,1235,0.28
1231,1226,3.36
1231,1230,2.85
1231,1257,1.78
1231,1258,1.96
1231,1264,2.15
1231,1266,3.97
1231,1229,5.95
1231,1238,3.97
1231,1243,1.96
1231,1203,7.39
1231,1214,0.51
1231,1215,1.96
1231,1216,1.68
1231,1225,3.74
1231,1233,0.7
1231,1236,1.26
1231,1234,1.34
1231,1237,1.96
1231,1244,3.97
1231,1261,1.78
1231,1263,1.96
1231,1197,7.39
1231,1220,6.26
1231,1222,4.25
1231,22063,5.99
1231,22072,1.5
1231,1242,3.97
1231,1247,1.96
1231,1248,3.97
1231,1221,6.26
1231,1223,2.2
1231,1239,1.96
1231,1240,3.97
1231,1241,1.96
1231,1245,1.96
1231,1246,3.97
1231,1251,1.96
1231,1252,3.97
1231,1253,1.96
1231,1254,3.97
1231,1212,0.98
1231,1217,0.89
1231,1218,0.65
1231,1219,1.96
1231,1379,1.96
1231,1195,8.19
1231,1196,6.49
1231,1200,6.99
1231,1202,6.49
1231,1204,3.97
1231,1205,3.97
1231,1213,1.96
1231,1260,1.78
1231,1265,2.15
1231,1267,3.97
1231,1268,1.26
1231,1255,1.96
1231,1256,3.97
1231,1259,2.15
1231,1262,1.96
1231,1380,3.97
1231,9321,5.95
1231,1249,1.96
1231,1250,3.97
1231,1208,5.79
1231,1207,4.49
1231,1232,5.23
1232,1224,1.96
1232,1226,3.36
1232,1229,5.95
1232,1230,2.85
1232,1236,1.26
1232,1225,3.74
1232,1227,4.95
1232,1228,3.36
1232,1231,5.23
1232,1233,0.7
1232,1235,0.28
1232,1257,1.78
1232,1259,2.15
1232,1260,1.78
1232,1261,1.78
1232,1262,1.96
1232,1264,2.15
1232,1266,3.97
1232,1267,3.97
1232,1216,1.68
1232,1237,1.96
1232,1238,3.97
1232,1263,1.96
1232,1246,3.97
1232,1234,1.34
1232,1220,6.26
1232,1221,6.26
1232,1222,4.25
1232,1223,2.2
1232,1239,1.96
1232,1240,3.97
1232,1241,1.96
1232,1242,3.97
1232,1243,1.96
1232,1244,3.97
1232,1245,1.96
1232,1247,1.96
1232,1248,3.97
1232,1249,1.96
1232,1250,3.97
1232,1251,1.96
1232,1252,3.97
1232,1212,0.98
1232,1213,1.96
1232,1217,0.89
1233,1225,3.74
1233,1229,5.95
1233,1230,2.85
1233,1224,1.96
1233,1228,3.36
1233,1231,5.23
1233,1236,1.26
1233,1234,1.34
1233,1237,1.96
1233,1238,3.97
1233,1241,1.96
1233,1242,3.97
1233,1245,1.96
1233,1246,3.97
1233,1248,3.97
1233,1257,1.78
1233,1264,2.15
1233,1267,3.97
1233,1212,0.98
1233,1213,1.96
1233,1216,1.68
1233,1217,0.89
1233,1220,6.26
1233,1221,6.26
1233,1226,3.36
1233,1235,0.28
1233,1243,1.96
1233,1244,3.97
1233,1261,1.78
1233,1263,1.96
1233,1227,4.95
1233,1258,1.96
1233,1239,1.96
1233,1240,3.97
1233,1247,1.96
1233,1251,1.96
1233,1252,3.97
1233,1253,1.96
1233,1254,3.97
1233,1255,1.96
1233,1256,3.97
1233,1259,2.15
1233,1260,1.78
1233,1262,1.96
1233,1265,2.15
1233,1266,3.97
1233,1268,1.26
1233,1379,1.96
1233,1380,3.97
1233,1195,8.19
1233,1196,6.49
1233,1197,7.39
1233,1200,6.99
1233,1202,6.49
1233,1203,7.39
1233,1204,3.97
1233,1205,3.97
1233,1214,0.51
1233,1215,1.96
1233,1218,0.65
1233,1219,1.96
1233,1222,4.25
1233,1223,2.2
1233,1249,1.96
1233,1250,3.97
1233,1232,5.23
1234,1225,3.74
1234,1228,3.36
1234,1230,2.85
1234,1233,0.7
1234,1227,4.95
1234,1229,5.95
1234,1226,3.36
1234,1231,5.23
1234,1224,1.96
1234,1235,0.28
1234,1236,1.26
1234,1243,1.96
1234,1258,1.96
1234,1197,7.39
1234,1214,0.51
1234,22072,1.5
1234,1212,0.98
1234,22063,5.99
1234,1237,1.96
1234,1242,3.97
1234,1247,1.96
1234,1248,3.97
1234,1220,6.26
1234,1221,6.26
1234,1222,4.25
1234,1223,2.2
1234,1238,3.97
1234,1239,1.96
1234,1240,3.97
1234,1241,1.96
1234,1245,1.96
1234,1246,3.97
1234,1251,1.96
1234,1252,3.97
1234,1253,1.96
1234,1254,3.97
1234,1215,1.96
1234,1216,1.68
1234,1217,0.89
1234,1218,0.65
1234,1219,1.96
1234,1244,3.97
1234,1379,1.96
1234,1195,8.19
1234,1196,6.49
1234,1200,6.99
1234,1202,6.49
1234,1203,7.39
1234,1204,3.97
1234,1205,3.97
1234,1213,1.96
1234,1257,1.78
1234,1260,1.78
1234,1264,2.15
1234,1265,2.15
1234,1266,3.97
1234,1267,3.97
1234,1268,1.26
1234,1263,1.96
1234,1255,1.96
1234,1256,3.97
1234,1259,2.15
1234,1261,1.78
1234,1262,1.96
1234,1380,3.97
1234,9321,5.95
1234,1208,5.79
1234,1209,4.3
1234,1207,4.49
1234,1249,1.96
1234,1250,3.97
1234,1232,5.23
1235,1224,1.96
1235,1227,4.95
1235,1228,3.36
1235,1231,5.23
1235,1226,3.36
1235,1230,2.85
1235,1257,1.78
1235,1258,1.96
1235,1264,2.15
1235,1266,3.97
1235,1225,3.74
1235,1195,8.19
1235,1233,0.7
1235,1237,1.96
1235,1238,3.97
1235,1243,1.96
1235,1244,3.97
1235,1261,1.78
1235,1263,1.96
1235,1216,1.68
1235,1236,1.26
1235,1222,4.25
1235,1229,5.95
1235,1234,1.34
1235,1197,7.39
1235,1214,0.51
1235,1212,0.98
1235,1220,6.26
1235,1239,1.96
1235,1240,3.97
1235,1241,1.96
1235,1242,3.97
1235,1245,1.96
1235,1246,3.97
1235,1247,1.96
1235,1248,3.97
1235,1251,1.96
1235,1252,3.97
1235,1253,1.96
1235,1254,3.97
1235,22072,1.5
1235,1215,1.96
1235,1217,0.89
1235,1218,0.65
1235,1219,1.96
1235,1221,6.26
1235,1223,2.2
1235,1379,1.96
1235,1196,6.49
1235,1200,6.99
1235,1202,6.49
1235,1203,7.39
1235,1204,3.97
1235,1205,3.97
1235,22063,5.99
1235,1213,1.96
1235,1260,1.78
1235,1265,2.15
1235,1267,3.97
1235,1268,1.26
1235,1255,1.96
1235,1256,3.97
1235,1259,2.15
1235,1262,1.96
1235,1380,3.97
1235,9321,5.95
1235,1249,1.96
1235,1250,3.97
1235,1208,5.79
1235,1232,5.23
1236,1224,1.96
1236,1225,3.74
1236,1228,3.36
1236,1231,5.23
1236,1233,0.7
1236,1226,3.36
1236,1230,2.85
1236,1235,0.28
1236,1227,4.95
1236,1229,5.95
1236,1234,1.34
1236,1243,1.96
1236,1258,1.96
1236,1197,7.39
1236,1214,0.51
1236,22072,1.5
1236,1212,0.98
1236,1220,6.26
1236,22063,5.99
1236,1237,1.96
1236,1242,3.97
1236,1247,1.96
1236,1248,3.97
1236,1221,6.26
1236,1222,4.25
1236,1223,2.2
1236,1238,3.97
1236,1239,1.96
1236,1240,3.97
1236,1241,1.96
1236,1245,1.96
1236,1246,3.97
1236,1251,1.96
1236,1252,3.97
1236,1253,1.96
1236,1254,3.97
1236,1215,1.96
1236,1216,1.68
1236,1217,0.89
1236,1218,0.65
1236,1219,1.96
1236,1244,3.97
1236,1379,1.96
1236,1195,8.19
1236,1196,6.49
1236,1200,6.99
1236,1202,6.49
1236,1203,7.39
1236,1204,3.97
1236,1205,3.97
1236,1213,1.96
1236,1260,1.78
1236,1263,1.96
1236,1264,2.15
1236,1265,2.15
1236,1267,3.97
1236,1257,1.78
1236,1266,3.97
1236,1268,1.26
1236,1255,1.96
1236,1256,3.97
1236,1259,2.15
1236,1261,1.78
1236,1262,1.96
1236,1380,3.97
1236,9321,5.95
1236,1232,5.23
1236,1250,3.97
1236,1249,1.96
1237,1251,1.96
1237,1258,1.96
1237,1196,6.49
1237,1203,7.39
1237,1204,3.97
1237,1213,1.96
1237,1214,0.51
1237,1216,1.68
1237,1217,0.89
1237,1218,0.65
1237,1238,3.97
1237,1242,3.97
1237,1243,1.96
1237,1245,1.96
1237,1247,1.96
1237,1252,3.97
1237,1215,1.96
1237,1219,1.96
1237,1233,0.7
1237,1241,1.96
1237,1246,3.97
1237,1248,3.97
1237,1257,1.78
1237,1264,2.15
1237,1267,3.97
1237,1212,0.98
1237,1220,6.26
1237,1221,6.26
1237,1239,1.96
1237,1259,2.15
1237,1262,1.96
1237,1260,1.78
1237,1261,1.78
1237,1265,2.15
1237,1266,3.97
1237,1222,4.25
1237,1244,3.97
1237,1225,3.74
1237,1226,3.36
1237,1228,3.36
1237,1231,5.23
1237,1235,0.28
1237,1263,1.96
1237,1230,2.85
1237,1205,3.97
1237,1200,6.99
1237,1197,7.39
1237,1202,6.49
1237,1223,2.2
1237,1380,3.97
1237,1195,8.19
1237,1253,1.96
1237,22063,5.99
1237,22072,1.5
1237,1254,3.97
1237,9321,5.95
1237,1240,3.97
1237,1255,1.96
1237,1256,3.97
1237,1379,1.96
1237,7474,0.0
1237,1224,1.96
1237,1227,4.95
1237,1229,5.95
1237,1234,1.34
1237,1236,1.26
1237,1268,1.26
1237,1249,1.96
1237,1250,3.97
1237,1207,4.49
1237,1208,5.79
1237,1232,5.23
1238,1239,1.96
1238,1242,3.97
1238,1243,1.96
1238,1244,3.97
1238,1245,1.96
1238,1246,3.97
1238,1247,1.96
1238,1248,3.97
1238,1251,1.96
1238,1252,3.97
1238,1254,3.97
1238,1379,1.96
1238,1237,1.96
1238,1213,1.96
1238,1215,1.96
1238,1216,1.68
1238,1217,0.89
1238,1219,1.96
1238,1241,1.96
1238,1257,1.78
1238,1258,1.96
1238,1259,2.15
1238,1260,1.78
1238,1261,1.78
1238,1262,1.96
1238,1263,1.96
1238,1265,2.15
1238,1266,3.97
1238,1267,3.97
1238,1195,8.19
1238,1212,0.98
1238,1214,0.51
1238,1218,0.65
1238,1204,3.97
1238,1224,1.96
1238,1228,3.36
1238,1229,5.95
1238,1230,2.85
1238,1231,5.23
1238,1203,7.39
1238,1233,0.7
1238,1264,2.15
1238,1220,6.26
1238,1221,6.26
1238,1256,3.97
1238,1225,3.74
1238,1226,3.36
1238,1235,0.28
1238,1205,3.97
1238,1200,6.99
1238,1253,1.96
1238,1240,3.97
1238,1255,1.96
1238,1380,3.97
1238,9321,5.95
1238,22072,1.5
1238,1222,4.25
1238,1223,2.2
1238,1227,4.95
1238,1234,1.34
1238,1236,1.26
1238,1196,6.49
1238,1197,7.39
1238,1202,6.49
1238,22063,5.99
1238,1268,1.26
1238,1249,1.96
1238,1250,3.97
1238,1207,4.49
1238,1208,5.79
1238,1209,4.3
1238,1232,5.23
1239,1238,3.97
1239,1242,3.97
1239,1243,1.96
1239,1244,3.97
1239,1245,1.96
1239,1246,3.97
1239,1247,1.96
1239,1248,3.97
1239,1251,1.96
1239,1252,3.97
1239,1254,3.97
1239,1379,1.96
1239,1241,1.96
1239,1257,1.78
1239,1258,1.96
1239,1259,2.15
1239,1260,1.78
1239,1261,1.78
1239,1262,1.96
1239,1263,1.96
1239,1265,2.15
1239,1266,3.97
1239,1267,3.97
1239,1195,8.19
1239,1212,0.98
1239,1213,1.96
1239,1214,0.51
1239,1215,1.96
1239,1216,1.68
1239,1217,0.89
1239,1218,0.65
1239,1219,1.96
1239,1237,1.96
1239,1264,2.15
1239,1203,7.39
1239,1225,3.74
1239,1226,3.36
1239,1228,3.36
1239,1230,2.85
1239,1204,3.97
1239,1205,3.97
1239,1380,3.97
1239,1220,6.26
1239,1221,6.26
1239,1222,4.25
1239,1223,2.2
1239,1240,3.97
1239,1253,1.96
1239,1255,1.96
1239,9321,5.95
1239,1256,3.97
1239,22072,1.5
1239,1224,1.96
1239,1227,4.95
1239,1229,5.95
1239,1231,5.23
1239,1234,1.34
1239,1235,0.28
1239,1236,1.26
1239,1200,6.99
1239,1233,0.7
1239,1268,1.26
1239,1196,6.49
1239,1197,7.39
1239,1202,6.49
1239,1249,1.96
1239,1250,3.97
1239,1207,4.49
1239,1208,5.79
1239,1209,4.3
1239,1232,5.23
1240,1237,1.96
1240,1238,3.97
1240,1239,1.96
1240,1242,3.97
1240,1244,3.97
1240,1245,1.96
1240,1246,3.97
1240,1247,1.96
1240,1248,3.97
1240,1251,1.96
1240,1252,3.97
1240,1253,1.96
1240,1254,3.97
1240,1255,1.96
1240,1380,3.97
1240,9321,5.95
1240,1241,1.96
1240,1243,1.96
1240,1256,3.97
1240,22072,1.5
1240,1220,6.26
1240,1221,6.26
1240,1222,4.25
1240,1223,2.2
1240,1224,1.96
1240,1225,3.74
1240,1226,3.36
1240,1227,4.95
1240,1228,3.36
1240,1229,5.95
1240,1230,2.85
1240,1231,5.23
1240,1234,1.34
1240,1235,0.28
1240,1236,1.26
1240,1212,0.98
1240,1215,1.96
1240,1216,1.68
1240,1217,0.89
1240,1218,0.65
1240,1219,1.96
1240,1258,1.96
1240,1379,1.96
1240,1195,8.19
1240,1196,6.49
1240,1197,7.39
1240,1200,6.99
1240,1202,6.49
1240,1203,7.39
1240,1204,3.97
1240,1205,3.97
1240,1214,0.51
1240,1213,1.96
1240,1233,0.7
1240,1257,1.78
1240,1259,2.15
1240,1260,1.78
1240,1261,1.78
1240,1262,1.96
1240,1263,1.96
1240,1264,2.15
1240,1265,2.15
1240,1266,3.97
1240,1267,3.97
1240,1268,1.26
1240,1249,1.96
1240,1250,3.97
1240,1208,5.79
1240,1209,4.3
1240,1232,5.23
1241,1238,3.97
1241,1239,1.96
1241,1242,3.97
1241,1243,1.96
1241,1245,1.96
1241,1246,3.97
1241,1247,1.96
1241,1251,1.96
1241,1252,3.97
1241,1257,1.78
1241,1258,1.96
1241,1259,2.15
1241,1260,1.78
1241,1261,1.78
1241,1262,1.96
1241,1263,1.96
1241,1265,2.15
1241,1266,3.97
1241,1267,3.97
1241,1195,8.19
1241,1212,0.98
1241,1213,1.96
1241,1214,0.51
1241,1215,1.96
1241,1216,1.68
1241,1217,0.89
1241,1218,0.65
1241,1219,1.96
1241,1233,0.7
1241,1237,1.96
1241,1248,3.97
1241,1264,2.15
1241,1220,6.26
1241,1221,6.26
1241,1200,6.99
1241,1253,1.96
1241,1203,7.39
1241,1222,4.25
1241,1223,2.2
1241,1380,3.97
1241,1225,3.74
1241,1226,3.36
1241,1240,3.97
1241,1254,3.97
1241,1256,3.97
1241,9321,5.95
1241,22072,1.5
1241,1224,1.96
1241,1227,4.95
1241,1228,3.36
1241,1229,5.95
1241,1230,2.85
1241,1231,5.23
1241,1234,1.34
1241,1235,0.28
1241,1236,1.26
1241,1244,3.97
1241,1379,1.96
1241,1196,6.49
1241,1197,7.39
1241,1202,6.49
1241,1204,3.97
1241,1205,3.97
1241,1255,1.96
1241,1268,1.26
1241,22063,5.99
1241,1249,1.96
1241,1250,3.97
1241,1207,4.49
1241,1208,5.79
1241,1232,5.23
1242,1238,3.97
1242,1239,1.96
1242,1243,1.96
1242,1244,3.97
1242,1245,1.96
1242,1246,3.97
1242,1247,1.96
1242,1248,3.97
1242,1251,1.96
1242,1252,3.97
1242,1254,3.97
1242,1379,1.96
1242,1237,1.96
1242,1213,1.96
1242,1215,1.96
1242,1216,1.68
1242,1217,0.89
1242,1219,1.96
1242,1241,1.96
1242,1257,1.78
1242,1258,1.96
1242,1259,2.15
1242,1260,1.78
1242,1261,1.78
1242,1262,1.96
1242,1263,1.96
1242,1265,2.15
1242,1266,3.97
1242,1267,3.97
1242,1195,8.19
1242,1212,0.98
1242,1214,0.51
1242,1218,0.65
1242,1233,0.7
1242,1264,2.15
1242,1220,6.26
1242,1221,6.26
1242,1253,1.96
1242,1256,3.97
1242,1225,3.74
1242,1226,3.36
1242,1223,2.2
1242,22072,1.5
1242,9321,5.95
1242,1240,3.97
1242,1255,1.96
1242,1380,3.97
1242,1222,4.25
1242,1224,1.96
1242,1227,4.95
1242,1228,3.36
1242,1229,5.95
1242,1230,2.85
1242,1231,5.23
1242,1234,1.34
1242,1236,1.26
1242,1235,0.28
1242,1196,6.49
1242,1197,7.39
1242,1200,6.99
1242,1202,6.49
1242,1203,7.39
1242,1204,3.97
1242,1205,3.97
1242,1268,1.26
1242,22063,5.99
1242,1249,1.96
1242,1250,3.97
1242,1207,4.49
1242,1208,5.79
1242,1209,4.3
1242,1232,5.23
1243,1238,3.97
1243,1239,1.96
1243,1242,3.97
1243,1244,3.97
1243,1245,1.96
1243,1246,3.97
1243,1247,1.96
1243,1248,3.97
1243,1251,1.96
1243,1252,3.97
1243,1254,3.97
1243,1379,1.96
1243,1237,1.96
1243,1213,1.96
1243,1215,1.96
1243,1216,1.68
1243,1217,0.89
1243,1219,1.96
1243,1241,1.96
1243,1257,1.78
1243,1258,1.96
1243,1259,2.15
1243,1260,1.78
1243,1261,1.78
1243,1262,1.96
1243,1263,1.96
1243,1265,2.15
1243,1266,3.97
1243,1267,3.97
1243,1195,8.19
1243,1212,0.98
1243,1214,0.51
1243,1218,0.65
1243,1224,1.96
1243,1228,3.36
1243,1229,5.95
1243,1230,2.85
1243,1231,5.23
1243,1203,7.39
1243,1256,3.97
1243,1225,3.74
1243,1226,3.36
1243,1233,0.7
1243,1235,0.28
1243,1204,3.97
1243,1205,3.97
1243,1202,6.49
1243,1253,1.96
1243,1227,4.95
1243,1234,1.34
1243,1236,1.26
1243,1197,7.39
1243,22072,1.5
1243,9321,5.95
1243,1240,3.97
1243,1220,6.26
1243,1221,6.26
1243,1222,4.25
1243,1223,2.2
1243,1196,6.49
1243,7474,0.0
1243,1200,6.99
1243,1255,1.96
1243,1264,2.15
1243,1268,1.26
1243,1380,3.97
1243,22063,5.99
1243,1249,1.96
1243,1250,3.97
1243,1207,4.49
1243,1208,5.79
1243,1232,5.23
1244,1238,3.97
1244,1239,1.96
1244,1242,3.97
1244,1243,1.96
1244,1245,1.96
1244,1246,3.97
1244,1247,1.96
1244,1248,3.97
1244,1251,1.96
1244,1252,3.97
1244,1254,3.97
1244,1379,1.96
1244,1256,3.97
1244,1237,1.96
1244,1225,3.74
1244,1226,3.36
1244,1228,3.36
1244,1231,5.23
1244,1233,0.7
1244,1235,0.28
1244,1261,1.78
1244,1263,1.96
1244,1216,1.68
1244,1240,3.97
1244,1253,1.96
1244,1255,1.96
1244,1380,3.97
1244,9321,5.95
1244,1258,1.96
1244,1196,6.49
1244,1202,6.49
1244,7474,0.0
1244,1214,0.51
1244,1215,1.96
1244,1220,6.26
1244,1224,1.96
1244,1227,4.95
1244,1229,5.95
1244,1230,2.85
1244,1234,1.34
1244,1236,1.26
1244,1241,1.96
1244,22072,1.5
1244,1195,8.19
1244,1197,7.39
1244,1200,6.99
1244,1203,7.39
1244,1204,3.97
1244,1205,3.97
1244,1212,0.98
1244,1221,6.26
1244,1222,4.25
1244,1223,2.2
1244,1257,1.78
1244,1259,2.15
1244,1260,1.78
1244,1262,1.96
1244,1264,2.15
1244,1265,2.15
1244,1266,3.97
1244,1267,3.97
1244,1268,1.26
1244,1213,1.96
1244,1217,0.89
1244,1218,0.65
1244,1219,1.96
1244,1249,1.96
1244,1250,3.97
1244,1208,5.79
1244,1209,4.3
1244,1232,5.23
1245,1238,3.97
1245,1239,1.96
1245,1242,3.97
1245,1243,1.96
1245,1244,3.97
1245,1246,3.97
1245,1247,1.96
1245,1248,3.97
1245,1251,1.96
1245,1252,3.97
1245,1254,3.97
1245,1379,1.96
1245,1237,1.96
1245,1213,1.96
1245,1215,1.96
1245,1216,1.68
1245,1217,0.89
1245,1219,1.96
1245,1241,1.96
1245,1257,1.78
1245,1258,1.96
1245,1259,2.15
1245,1260,1.78
1245,1261,1.78
1245,1262,1.96
1245,1263,1.96
1245,1265,2.15
1245,1266,3.97
1245,1267,3.97
1245,1195,8.19
1245,1212,0.98
1245,1214,0.51
1245,1218,0.65
1245,1233,0.7
1245,1264,2.15
1245,1220,6.26
1245,1221,6.26
1245,1203,7.39
1245,1222,4.25
1245,1202,6.49
1245,1197,7.39
1245,1253,1.96
1245,1240,3.97
1245,1255,1.96
1245,1380,3.97
1245,9321,5.95
1245,1256,3.97
1245,22072,1.5
1245,1223,2.2
1245,1224,1.96
1245,1225,3.74
1245,1226,3.36
1245,1227,4.95
1245,1228,3.36
1245,1229,5.95
1245,1230,2.85
1245,1231,5.23
1245,1234,1.34
1245,1235,0.28
1245,1236,1.26
1245,1268,1.26
1245,1196,6.49
1245,1200,6.99
1245,1204,3.97
1245,1205,3.97
1245,1249,1.96
1245,1250,3.97
1245,1207,4.49
1245,1232,5.23
1246,1238,3.97
1246,1239,1.96
1246,1242,3.97
1246,1243,1.96
1246,1244,3.97
1246,1245,1.96
1246,1247,1.96
1246,1248,3.97
1246,1251,1.96
1246,1252,3.97
1246,1254,3.97
1246,1379,1.96
1246,1241,1.96
1246,1257,1.78
1246,1258,1.96
1246,1259,2.15
1246,1260,1.78
1246,1261,1.78
1246,1262,1.96
1246,1263,1.96
1246,1265,2.15
1246,1266,3.97
1246,1267,3.97
1246,1195,8.19
1246,1212,0.98
1246,1213,1.96
1246,1214,0.51
1246,1215,1.96
1246,1216,1.68
1246,1217,0.89
1246,1218,0.65
1246,1219,1.96
1246,1233,0.7
1246,1237,1.96
1246,1264,2.15
1246,1220,6.26
1246,1221,6.26
1246,1253,1.96
1246,22072,1.5
1246,1222,4.25
1246,1223,2.2
1246,1240,3.97
1246,1255,1.96
1246,1380,3.97
1246,9321,5.95
1246,1256,3.97
1246,1224,1.96
1246,1225,3.74
1246,1226,3.36
1246,1227,4.95
1246,1228,3.36
1246,1229,5.95
1246,1230,2.85
1246,1231,5.23
1246,1234,1.34
1246,1235,0.28
1246,1236,1.26
1246,1196,6.49
1246,1197,7.39
1246,1200,6.99
1246,1202,6.49
1246,1203,7.39
1246,1204,3.97
1246,1205,3.97
1246,1268,1.26
1246,22063,5.99
1246,1249,1.96
1246,1250,3.97
1246,1207,4.49
1246,1208,5.79
1246,1209,4.3
1246,1232,5.23
1247,1238,3.97
1247,1239,1.96
1247,1242,3.97
1247,1243,1.96
1247,1244,3.97
1247,1245,1.96
1247,1246,3.97
1247,1248,3.97
1247,1251,1.96
1247,1252,3.97
1247,1254,3.97
1247,1379,1.96
1247,1237,1.96
1247,1213,1.96
1247,1215,1.96
1247,1216,1.68
1247,1217,0.89
1247,1219,1.96
1247,1241,1.96
1247,1257,1.78
1247,1258,1.96
1247,1259,2.15
1247,1260,1.78
1247,1261,1.78
1247,1262,1.96
1247,1263,1.96
1247,1265,2.15
1247,1266,3.97
1247,1267,3.97
1247,1195,8.19
1247,1212,0.98
1247,1214,0.51
1247,1218,0.65
1247,1203,7.39
1247,1221,6.26
1247,1222,4.25
1247,1253,1.96
1247,1264,2.15
1247,1220,6.26
1247,1223,2.2
1247,22072,1.5
1247,1240,3.97
1247,1255,1.96
1247,1380,3.97
1247,9321,5.95
1247,1256,3.97
1247,1224,1.96
1247,1225,3.74
1247,1226,3.36
1247,1227,4.95
1247,1228,3.36
1247,1229,5.95
1247,1230,2.85
1247,1231,5.23
1247,1234,1.34
1247,1236,1.26
1247,1235,0.28
1247,1196,6.49
1247,1197,7.39
1247,1200,6.99
1247,1202,6.49
1247,1204,3.97
1247,1205,3.97
1247,22063,5.99
1247,1233,0.7
1247,1268,1.26
1247,1208,5.79
1247,1209,4.3
1247,1249,1.96
1247,1250,3.97
1247,1207,4.49
1247,1232,5.23
1248,1238,3.97
1248,1239,1.96
1248,1242,3.97
1248,1243,1.96
1248,1244,3.97
1248,1245,1.96
1248,1246,3.97
1248,1247,1.96
1248,1251,1.96
1248,1252,3.97
1248,1254,3.97
1248,1379,1.96
1248,1233,0.7
1248,1237,1.96
1248,1241,1.96
1248,1257,1.78
1248,1264,2.15
1248,1267,3.97
1248,1212,0.98
1248,1213,1.96
1248,1216,1.68
1248,1217,0.89
1248,1220,6.26
1248,1221,6.26
1248,1258,1.96
1248,1259,2.15
1248,1262,1.96
1248,1203,7.39
1248,1214,0.51
1248,1215,1.96
1248,1253,1.96
1248,1260,1.78
1248,1261,1.78
1248,1222,4.25
1248,1223,2.2
1248,1240,3.97
1248,1255,1.96
1248,1380,3.97
1248,9321,5.95
1248,1256,3.97
1248,22072,1.5
1248,1224,1.96
1248,1225,3.74
1248,1226,3.36
1248,1227,4.95
1248,1228,3.36
1248,1229,5.95
1248,1230,2.85
1248,1231,5.23
1248,1234,1.34
1248,1236,1.26
1248,1235,0.28
1248,1218,0.65
1248,1219,1.96
1248,1195,8.19
1248,1196,6.49
1248,1197,7.39
1248,1200,6.99
1248,1202,6.49
1248,1204,3.97
1248,1205,3.97
1248,1263,1.96
1248,1265,2.15
1248,1266,3.97
1248,1268,1.26
1248,22063,5.99
1248,1249,1.96
1248,1250,3.97
1248,1207,4.49
1248,1208,5.79
1248,1209,4.3
1248,1232,5.23
1249,1240,3.97
1249,1241,1.96
1249,1242,3.97
1249,1243,1.96
1249,1245,1.96
1249,1246,3.97
1249,1247,1.96
1249,1248,3.97
1249,1250,3.97
1249,1251,1.96
1249,1252,3.97
1249,1254,3.97
1249,1255,1.96
1249,1257,1.78
1249,1258,1.96
1249,1259,2.15
1249,1260,1.78
1249,1262,1.96
1249,1266,3.97
1249,1221,6.26
1249,1222,4.25
1249,1223,2.2
1249,1231,5.23
1249,1238,3.97
1249,1253,1.96
1249,1237,1.96
1249,1239,1.96
1249,1244,3.97
1249,1220,6.26
1249,1228,3.36
1249,1234,1.34
1249,1212,0.98
1249,1214,0.51
1249,1216,1.68
1249,1219,1.96
1249,1229,5.95
1249,1224,1.96
1249,1225,3.74
1249,1233,0.7
1249,1235,0.28
1249,1256,3.97
1249,1195,8.19
1249,1197,7.39
1249,1203,7.39
1249,1207,4.49
1249,1230,2.85
1249,1236,1.26
1249,1213,1.96
1249,1215,1.96
1249,1218,0.65
1249,1226,3.36
1249,1232,5.23
1249,1227,4.95
1249,1261,1.78
1249,1267,3.97
1249,1268,1.26
1249,1379,1.96
1249,1380,3.97
1249,1202,6.49
1249,1205,3.97
1249,1217,0.89
1250,1240,3.97
1250,1241,1.96
1250,1242,3.97
1250,1243,1.96
1250,1245,1.96
1250,1246,3.97
1250,1247,1.96
1250,1248,3.97
1250,1249,1.96
1250,1251,1.96
1250,1252,3.97
1250,1254,3.97
1250,1255,1.96
1250,1257,1.78
1250,1258,1.96
1250,1259,2.15
1250,1260,1.78
1250,1262,1.96
1250,1266,3.97
1250,1221,6.26
1250,1222,4.25
1250,1223,2.2
1250,1231,5.23
1250,1238,3.97
1250,1253,1.96
1250,1237,1.96
1250,1239,1.96
1250,1244,3.97
1250,1220,6.26
1250,1228,3.36
1250,1234,1.34
1250,1212,0.98
1250,1214,0.51
1250,1216,1.68
1250,1219,1.96
1250,1229,5.95
1250,1224,1.96
1250,1225,3.74
1250,1233,0.7
1250,1235,0.28
1250,1256,3.97
1250,1226,3.36
1250,1227,4.95
1250,1230,2.85
1250,1236,1.26
1250,1264,2.15
1250,1267,3.97
1250,1380,3.97
1250,1195,8.19
1250,1196,6.49
1250,1197,7.39
1250,1200,6.99
1250,1202,6.49
1250,1203,7.39
1250,1215,1.96
1250,1218,0.65
1250,1208,5.79
1250,1207,4.49
1250,1261,1.78
1250,1213,1.96
1250,1232,5.23
1250,1268,1.26
1250,1379,1.96
1250,1205,3.97
1250,1217,0.89
1251,1237,1.96
1251,1258,1.96
1251,1196,6.49
1251,1203,7.39
1251,1204,3.97
1251,1213,1.96
1251,1214,0.51
1251,1216,1.68
1251,1217,0.89
1251,1218,0.65
1251,1238,3.97
1251,1239,1.96
1251,1242,3.97
1251,1243,1.96
1251,1244,3.97
1251,1245,1.96
1251,1246,3.97
1251,1247,1.96
1251,1248,3.97
1251,1252,3.97
1251,1254,3.97
1251,1379,1.96
1251,1255,1.96
1251,1197,7.39
1251,1200,6.99
1251,1215,1.96
1251,1241,1.96
1251,1257,1.78
1251,1259,2.15
1251,1260,1.78
1251,1261,1.78
1251,1262,1.96
1251,1263,1.96
1251,1265,2.15
1251,1266,3.97
1251,1267,3.97
1251,1195,8.19
1251,1212,0.98
1251,1219,1.96
1251,1202,6.49
1251,1221,6.26
1251,1222,4.25
1251,1220,6.26
1251,1225,3.74
1251,1226,3.36
1251,1228,3.36
1251,1230,2.85
1251,1205,3.97
1251,1253,1.96
1251,9321,5.95
1251,1240,3.97
1251,1380,3.97
1251,1256,3.97
1251,22072,1.5
1251,1223,2.2
1251,1224,1.96
1251,22063,5.99
1251,1227,4.95
1251,1229,5.95
1251,1231,5.23
1251,1234,1.34
1251,1235,0.28
1251,1236,1.26
1251,1233,0.7
1251,1264,2.15
1251,1268,1.26
1251,1208,5.79
1251,1209,4.3
1251,1207,4.49
1251,1249,1.96
1251,1250,3.97
1251,1232,5.23
1252,1238,3.97
1252,1239,1.96
1252,1242,3.97
1252,1243,1.96
1252,1244,3.97
1252,1245,1.96
1252,1246,3.97
1252,1247,1.96
1252,1248,3.97
1252,1251,1.96
1252,1254,3.97
1252,1379,1.96
1252,1237,1.96
1252,1213,1.96
1252,1215,1.96
1252,1216,1.68
1252,1217,0.89
1252,1219,1.96
1252,1241,1.96
1252,1257,1.78
1252,1258,1.96
1252,1259,2.15
1252,1260,1.78
1252,1261,1.78
1252,1262,1.96
1252,1263,1.96
1252,1265,2.15
1252,1266,3.97
1252,1267,3.97
1252,1195,8.19
1252,1212,0.98
1252,1214,0.51
1252,1218,0.65
1252,1253,1.96
1252,1256,3.97
1252,1264,2.15
1252,1220,6.26
1252,1222,4.25
1252,1223,2.2
1252,9321,5.95
1252,1240,3.97
1252,1255,1.96
1252,1380,3.97
1252,22072,1.5
1252,1221,6.26
1252,1224,1.96
1252,1225,3.74
1252,1226,3.36
1252,1227,4.95
1252,1228,3.36
1252,1229,5.95
1252,1230,2.85
1252,1231,5.23
1252,1234,1.34
1252,1235,0.28
1252,1236,1.26
1252,1196,6.49
1252,1197,7.39
1252,1200,6.99
1252,1202,6.49
1252,1203,7.39
1252,1204,3.97
1252,1205,3.97
1252,1233,0.7
1252,1268,1.26
1252,1249,1.96
1252,1250,3.97
1252,1207,4.49
1252,1208,5.79
1252,1209,4.3
1252,22063,5.99
1252,1232,5.23
1253,1241,1.96
1253,1243,1.96
1253,1238,3.97
1253,1242,3.97
1253,1252,3.97
1253,1254,3.97
1253,1256,3.97
1253,1237,1.96
1253,1248,3.97
1253,1251,1.96
1253,1246,3.97
1253,1247,1.96
1253,1260,1.78
1253,1261,1.78
1253,1264,2.15
1253,1220,6.26
1253,1222,4.25
1253,1223,2.2
1253,9321,5.95
1253,1245,1.96
1253,1239,1.96
1253,1240,3.97
1253,1244,3.97
1253,1255,1.96
1253,1380,3.97
1253,22072,1.5
1253,1221,6.26
1253,1224,1.96
1253,1225,3.74
1253,1229,5.95
1253,1258,1.96
1253,1379,1.96
1253,1196,6.49
1253,1202,6.49
1253,7474,0.0
1253,1214,0.51
1253,1215,1.96
1253,1226,3.36
1253,1227,4.95
1253,1228,3.36
1253,1230,2.85
1253,1231,5.23
1253,1234,1.34
1253,1235,0.28
1253,1236,1.26
1253,1212,0.98
1253,1216,1.68
1253,1217,0.89
1253,1218,0.65
1253,1219,1.96
1253,1195,8.19
1253,1197,7.39
1253,1200,6.99
1253,1203,7.39
1253,1204,3.97
1253,1205,3.97
1253,1233,0.7
1253,1257,1.78
1253,1259,2.15
1253,1262,1.96
1253,1263,1.96
1253,1265,2.15
1253,1266,3.97
1253,1267,3.97
1253,1268,1.26
1253,1213,1.96
1253,1249,1.96
1253,1250,3.97
1253,22063,5.99
1254,1238,3.97
1254,1239,1.96
1254,1242,3.97
1254,1243,1.96
1254,1244,3.97
1254,1245,1.96
1254,1246,3.97
1254,1247,1.96
1254,1248,3.97
1254,1251,1.96
1254,1252,3.97
1254,1379,1.96
1254,1253,1.96
1254,1256,3.97
1254,1237,1.96
1254,1260,1.78
1254,1261,1.78
1254,1264,2.15
1254,1220,6.26
1254,1222,4.25
1254,1223,2.2
1254,1240,3.97
1254,1255,1.96
1254,1380,3.97
1254,9321,5.95
1254,1241,1.96
1254,22072,1.5
1254,1221,6.26
1254,1224,1.96
1254,1225,3.74
1254,1226,3.36
1254,1227,4.95
1254,1228,3.36
1254,1229,5.95
1254,1230,2.85
1254,1231,5.23
1254,1234,1.34
1254,1235,0.28
1254,1236,1.26
1254,1212,0.98
1254,1215,1.96
1254,1216,1.68
1254,1217,0.89
1254,1218,0.65
1254,1219,1.96
1254,1258,1.96
1254,1195,8.19
1254,1196,6.49
1254,1197,7.39
1254,1200,6.99
1254,1202,6.49
1254,1203,7.39
1254,1204,3.97
1254,1205,3.97
1254,1214,0.51
1254,1233,0.7
1254,1257,1.78
1254,1259,2.15
1254,1262,1.96
1254,1263,1.96
1254,1265,2.15
1254,1266,3.97
1254,1267,3.97
1254,1268,1.26
1254,1213,1.96
1254,22063,5.99
1254,1249,1.96
1254,1250,3.97
1254,1207,4.49
1254,1208,5.79
1255,1251,1.96
1255,1258,1.96
1255,1196,6.49
1255,1197,7.39
1255,1200,6.99
1255,1203,7.39
1255,1214,0.51
1255,1215,1.96
1255,1237,1.96
1255,1238,3.97
1255,1239,1.96
1255,1240,3.97
1255,1242,3.97
1255,1244,3.97
1255,1245,1.96
1255,1246,3.97
1255,1247,1.96
1255,1248,3.97
1255,1252,3.97
1255,1253,1.96
1255,1254,3.97
1255,1380,3.97
1255,9321,5.95
1255,1379,1.96
1255,1241,1.96
1255,1256,3.97
1255,1220,6.26
1255,1221,6.26
1255,1222,4.25
1255,1223,2.2
1255,1224,1.96
1255,1225,3.74
1255,1226,3.36
1255,1227,4.95
1255,1228,3.36
1255,1229,5.95
1255,1230,2.85
1255,1231,5.23
1255,1233,0.7
1255,1234,1.34
1255,1235,0.28
1255,1236,1.26
1255,1243,1.96
1255,1257,1.78
1255,1259,2.15
1255,1260,1.78
1255,1261,1.78
1255,1262,1.96
1255,1263,1.96
1255,1264,2.15
1255,1265,2.15
1255,1266,3.97
1255,1267,3.97
1255,1268,1.26
1255,1195,8.19
1255,1202,6.49
1255,1204,3.97
1255,1205,3.97
1255,1212,0.98
1255,1213,1.96
1255,1216,1.68
1255,1217,0.89
1255,1218,0.65
1255,1219,1.96
1255,22063,5.99
1255,22072,1.5
1255,1249,1.96
1255,1250,3.97
1256,1238,3.97
1256,1243,1.96
1256,1244,3.97
1256,1379,1.96
1256,1380,3.97
1256,1242,3.97
1256,1252,3.97
1256,1253,1.96
1256,1254,3.97
1256,1237,1.96
1256,1239,1.96
1256,1240,3.97
1256,1241,1.96
1256,1245,1.96
1256,1246,3.97
1256,1247,1.96
1256,1248,3.97
1256,1251,1.96
1256,9321,5.95
1256,22072,1.5
1256,1220,6.26
1256,1221,6.26
1256,1222,4.25
1256,1223,2.2
1256,1255,1.96
1256,1224,1.96
1256,1225,3.74
1256,1226,3.36
1256,1227,4.95
1256,1228,3.36
1256,1229,5.95
1256,1230,2.85
1256,1231,5.23
1256,1233,0.7
1256,1234,1.34
1256,1235,0.28
1256,1236,1.26
1256,1257,1.78
1256,1258,1.96
1256,1259,2.15
1256,1260,1.78
1256,1261,1.78
1256,1262,1.96
1256,1263,1.96
1256,1264,2.15
1256,1265,2.15
1256,1266,3.97
1256,1267,3.97
1256,1268,1.26
1256,1195,8.19
1256,1196,6.49
1256,1197,7.39
1256,1200,6.99
1256,1202,6.49
1256,1203,7.39
1256,1204,3.97
1256,1205,3.97
1256,1212,0.98
1256,1213,1.96
1256,1214,0.51
1256,1215,1.96
1256,1216,1.68
1256,1217,0.89
1256,1218,0.65
1256,1219,1.96
1256,22063,5.99
1256,1249,1.96
1256,1250,3.97
1256,1207,4.49
1256,1208,5.79
1256,1209,4.3
1257,1238,3.97
1257,1239,1.96
1257,1241,1.96
1257,1242,3.97
1257,1243,1.96
1257,1245,1.96
1257,1246,3.97
1257,1247,1.96
1257,1251,1.96
1257,1252,3.97
1257,1258,1.96
1257,1259,2.15
1257,1260,1.78
1257,1261,1.78
1257,1262,1.96
1257,1263,1.96
1257,1265,2.15
1257,1266,3.97
1257,1267,3.97
1257,1195,8.19
1257,1212,0.98
1257,1213,1.96
1257,1214,0.51
1257,1215,1.96
1257,1216,1.68
1257,1217,0.89
1257,1218,0.65
1257,1219,1.96
1257,1264,2.15
1257,1224,1.96
1257,1226,3.36
1257,1227,4.95
1257,1230,2.85
1257,1231,5.23
1257,1235,0.28
1257,1233,0.7
1257,1237,1.96
1257,1248,3.97
1257,1220,6.26
1257,1221,6.26
1257,1203,7.39
1257,1222,4.25
1257,1268,1.26
1257,1200,6.99
1257,1202,6.49
1257,1225,3.74
1257,1223,2.2
1257,22063,5.99
1257,22072,1.5
1257,1228,3.36
1257,1229,5.95
1257,1234,1.34
1257,1236,1.26
1257,1196,6.49
1257,1197,7.39
1257,1240,3.97
1257,1244,3.97
1257,1253,1.96
1257,1254,3.97
1257,1255,1.96
1257,1256,3.97
1257,1379,1.96
1257,1380,3.97
1257,1204,3.97
1257,1205,3.97
1257,9321,5.95
1257,1207,4.49
1257,1208,5.79
1257,1209,4.3
1257,1249,1.96
1257,1250,3.97
1257,1232,5.23
1258,1237,1.96
1258,1251,1.96
1258,1196,6.49
1258,1203,7.39
1258,1204,3.97
1258,1213,1.96
1258,1214,0.51
1258,1216,1.68
1258,1217,0.89
1258,1218,0.65
1258,1255,1.96
1258,1197,7.39
1258,1200,6.99
1258,1215,1.96
1258,1238,3.97
1258,1239,1.96
1258,1241,1.96
1258,1242,3.97
1258,1243,1.96
1258,1245,1.96
1258,1246,3.97
1258,1247,1.96
1258,1252,3.97
1258,1257,1.78
1258,1259,2.15
1258,1260,1.78
1258,1261,1.78
1258,1262,1.96
1258,1263,1.96
1258,1265,2.15
1258,1266,3.97
1258,1267,3.97
1258,1195,8.19
1258,1212,0.98
1258,1219,1.96
1258,1202,6.49
1258,1264,2.15
1258,1224,1.96
1258,1226,3.36
1258,1227,4.95
1258,1230,2.85
1258,1231,5.23
1258,1235,0.28
1258,1228,3.36
1258,1229,5.95
1258,1248,3.97
1258,1221,6.26
1258,1222,4.25
1258,1220,6.26
1258,1225,3.74
1258,1205,3.97
1258,1223,2.2
1258,22063,5.99
1258,7474,0.0
1258,1234,1.34
1258,1236,1.26
1258,1268,1.26
1258,22072,1.5
1258,1244,3.97
1258,1253,1.96
1258,1379,1.96
1258,1240,3.97
1258,1254,3.97
1258,1233,0.7
1258,1256,3.97
1258,1380,3.97
1258,9321,5.95
1258,1208,5.79
1258,1209,4.3
1258,1207,4.49
1258,1249,1.96
1258,1250,3.97
1259,1238,3.97
1259,1239,1.96
1259,1241,1.96
1259,1242,3.97
1259,1243,1.96
1259,1245,1.96
1259,1246,3.97
1259,1247,1.96
1259,1251,1.96
1259,1252,3.97
1259,1257,1.78
1259,1258,1.96
1259,1260,1.78
1259,1261,1.78
1259,1262,1.96
1259,1263,1.96
1259,1265,2.15
1259,1266,3.97
1259,1267,3.97
1259,1195,8.19
1259,1212,0.98
1259,1213,1.96
1259,1214,0.51
1259,1215,1.96
1259,1216,1.68
1259,1217,0.89
1259,1218,0.65
1259,1219,1.96
1259,1264,2.15
1259,1237,1.96
1259,1248,3.97
1259,1203,7.39
1259,1225,3.74
1259,1226,3.36
1259,1228,3.36
1259,1230,2.85
1259,1204,3.97
1259,1205,3.97
1259,1220,6.26
1259,1221,6.26
1259,1222,4.25
1259,1223,2.2
1259,1268,1.26
1259,22063,5.99
1259,1224,1.96
1259,1227,4.95
1259,1229,5.95
1259,1231,5.23
1259,1233,0.7
1259,1234,1.34
1259,1235,0.28
1259,1236,1.26
1259,1240,3.97
1259,1244,3.97
1259,1253,1.96
1259,1254,3.97
1259,1255,1.96
1259,1256,3.97
1259,1379,1.96
1259,1380,3.97
1259,1196,6.49
1259,1197,7.39
1259,1200,6.99
1259,1202,6.49
1259,9321,5.95
1259,22072,1.5
1259,1208,5.79
1259,1249,1.96
1259,1250,3.97
1259,1232,5.23
1260,1238,3.97
1260,1239,1.96
1260,1241,1.96
1260,1242,3.97
1260,1243,1.96
1260,1245,1.96
1260,1246,3.97
1260,1247,1.96
1260,1251,1.96
1260,1252,3.97
1260,1257,1.78
1260,1258,1.96
1260,1259,2.15
1260,1261,1.78
1260,1262,1.96
1260,1263,1.96
1260,1265,2.15
1260,1266,3.97
1260,1267,3.97
1260,1195,8.19
1260,1212,0.98
1260,1213,1.96
1260,1214,0.51
1260,1215,1.96
1260,1216,1.68
1260,1217,0.89
1260,1218,0.65
1260,1219,1.96
1260,1264,2.15
1260,1237,1.96
1260,1203,7.39
1260,1221,6.26
1260,1222,4.25
1260,1248,3.97
1260,1253,1.96
1260,1254,3.97
1260,1220,6.26
1260,1223,2.2
1260,1268,1.26
1260,1224,1.96
1260,1225,3.74
1260,1227,4.95
1260,1228,3.36
1260,1230,2.85
1260,1231,5.23
1260,1236,1.26
1260,1226,3.36
1260,1229,5.95
1260,1234,1.34
1260,1235,0.28
1260,22072,1.5
1260,1233,0.7
1260,1240,3.97
1260,1244,3.97
1260,1255,1.96
1260,1256,3.97
1260,1379,1.96
1260,1380,3.97
1260,1196,6.49
1260,1197,7.39
1260,1200,6.99
1260,1202,6.49
1260,1204,3.97
1260,1205,3.97
1260,22063,5.99
1260,9321,5.95
1260,1249,1.96
1260,1250,3.97
1260,1207,4.49
1260,1208,5.79
1260,1232,5.23
1261,1238,3.97
1261,1239,1.96
1261,1241,1.96
1261,1242,3.97
1261,1243,1.96
1261,1245,1.96
1261,1246,3.97
1261,1247,1.96
1261,1251,1.96
1261,1252,3.97
1261,1257,1.78
1261,1258,1.96
1261,1259,2.15
1261,1260,1.78
1261,1262,1.96
1261,1263,1.96
1261,1265,2.15
1261,1266,3.97
1261,1267,3.97
1261,1195,8.19
1261,1212,0.98
1261,1213,1.96
1261,1214,0.51
1261,1215,1.96
1261,1216,1.68
1261,1217,0.89
1261,1218,0.65
1261,1219,1.96
1261,1264,2.15
1261,1237,1.96
1261,1203,7.39
1261,1221,6.26
1261,1222,4.25
1261,1225,3.74
1261,1226,3.36
1261,1228,3.36
1261,1231,5.23
1261,1233,0.7
1261,1235,0.28
1261,1244,3.97
1261,1268,1.26
1261,1220,6.26
1261,1223,2.2
1261,22072,1.5
1261,22063,5.99
1261,1248,3.97
1261,1253,1.96
1261,1254,3.97
1261,1224,1.96
1261,1227,4.95
1261,1229,5.95
1261,1230,2.85
1261,1234,1.34
1261,1236,1.26
1261,1240,3.97
1261,1255,1.96
1261,1256,3.97
1261,1379,1.96
1261,1380,3.97
1261,1196,6.49
1261,1197,7.39
1261,1200,6.99
1261,1202,6.49
1261,1204,3.97
1261,1205,3.97
1261,9321,5.95
1261,1207,4.49
1261,1208,5.79
1261,1209,4.3
1261,1250,3.97
1261,1232,5.23
1261,1249,1.96
1262,1238,3.97
1262,1239,1.96
1262,1241,1.96
1262,1242,3.97
1262,1243,1.96
1262,1245,1.96
1262,1246,3.97
1262,1247,1.96
1262,1251,1.96
1262,1252,3.97
1262,1257,1.78
1262,1258,1.96
1262,1259,2.15
1262,1260,1.78
1262,1261,1.78
1262,1263,1.96
1262,1265,2.15
1262,1266,3.97
1262,1267,3.97
1262,1195,8.19
1262,1212,0.98
1262,1213,1.96
1262,1214,0.51
1262,1215,1.96
1262,1216,1.68
1262,1217,0.89
1262,1218,0.65
1262,1219,1.96
1262,1237,1.96
1262,1248,3.97
1262,1264,2.15
1262,1203,7.39
1262,1221,6.26
1262,1222,4.25
1262,22063,5.99
1262,22072,1.5
1262,1220,6.26
1262,1225,3.74
1262,1229,5.95
1262,1268,1.26
1262,1224,1.96
1262,1226,3.36
1262,1227,4.95
1262,1228,3.36
1262,1230,2.85
1262,1231,5.23
1262,1233,0.7
1262,1234,1.34
1262,1235,0.28
1262,1236,1.26
1262,1240,3.97
1262,1244,3.97
1262,1253,1.96
1262,1254,3.97
1262,1255,1.96
1262,1256,3.97
1262,1379,1.96
1262,1380,3.97
1262,1196,6.49
1262,1197,7.39
1262,1200,6.99
1262,1202,6.49
1262,1204,3.97
1262,1205,3.97
1262,1223,2.2
1262,9321,5.95
1262,1249,1.96
1262,1250,3.97
1262,1232,5.23
1263,1238,3.97
1263,1239,1.96
1263,1241,1.96
1263,1242,3.97
1263,1243,1.96
1263,1245,1.96
1263,1246,3.97
1263,1247,1.96
1263,1251,1.96
1263,1252,3.97
1263,1257,1.78
1263,1258,1.96
1263,1259,2.15
1263,1260,1.78
1263,1261,1.78
1263,1262,1.96
1263,1265,2.15
1263,1266,3.97
1263,1267,3.97
1263,1195,8.19
1263,1212,0.98
1263,1213,1.96
1263,1214,0.51
1263,1215,1.96
1263,1216,1.68
1263,1217,0.89
1263,1218,0.65
1263,1219,1.96
1263,1264,2.15
1263,1225,3.74
1263,1226,3.36
1263,1228,3.36
1263,1231,5.23
1263,1233,0.7
1263,1235,0.28
1263,1237,1.96
1263,1244,3.97
1263,1268,1.26
1263,1204,3.97
1263,22063,5.99
1263,1224,1.96
1263,1227,4.95
1263,1230,2.85
1263,1236,1.26
1263,1229,5.95
1263,1234,1.34
1263,1222,4.25
1263,1223,2.2
1263,1240,3.97
1263,1248,3.97
1263,1253,1.96
1263,1254,3.97
1263,1255,1.96
1263,1256,3.97
1263,1379,1.96
1263,1380,3.97
1263,1196,6.49
1263,1197,7.39
1263,1200,6.99
1263,1202,6.49
1263,1203,7.39
1263,1205,3.97
1263,1220,6.26
1263,1221,6.26
1263,22072,1.5
1263,9321,5.95
1263,1207,4.49
1263,1208,5.79
1263,1209,4.3
1263,1232,5.23
1264,1257,1.78
1264,1261,1.78
1264,1267,3.97
1264,1258,1.96
1264,1259,2.15
1264,1263,1.96
1264,1268,1.26
1264,1224,1.96
1264,1226,3.36
1264,1227,4.95
1264,1230,2.85
1264,1231,5.23
1264,1235,0.28
1264,1266,3.97
1264,1260,1.78
1264,1265,2.15
1264,1216,1.68
1264,1233,0.7
1264,1237,1.96
1264,1238,3.97
1264,1241,1.96
1264,1242,3.97
1264,1245,1.96
1264,1246,3.97
1264,1248,3.97
1264,1212,0.98
1264,1213,1.96
1264,1217,0.89
1264,1220,6.26
1264,1221,6.26
1264,1239,1.96
1264,1262,1.96
1264,1203,7.39
1264,1214,0.51
1264,1215,1.96
1264,1247,1.96
1264,1252,3.97
1264,1253,1.96
1264,1254,3.97
1264,1222,4.25
1264,1223,2.2
1264,22063,5.99
1264,1225,3.74
1264,1228,3.36
1264,1236,1.26
1264,1229,5.95
1264,1234,1.34
1264,1218,0.65
1264,1219,1.96
1264,1240,3.97
1264,1243,1.96
1264,1244,3.97
1264,1251,1.96
1264,1255,1.96
1264,1256,3.97
1264,1379,1.96
1264,1380,3.97
1264,1195,8.19
1264,1196,6.49
1264,1197,7.39
1264,1200,6.99
1264,1202,6.49
1264,1204,3.97
1264,1205,3.97
1264,22072,1.5
1264,1207,4.49
1264,1208,5.79
1264,1250,3.97
1264,1232,5.23
1265,1238,3.97
1265,1239,1.96
1265,1241,1.96
1265,1242,3.97
1265,1243,1.96
1265,1245,1.96
1265,1246,3.97
1265,1247,1.96
1265,1251,1.96
1265,1252,3.97
1265,1257,1.78
1265,1258,1.96
1265,1259,2.15
1265,1260,1.78
1265,1261,1.78
1265,1262,1.96
1265,1263,1.96
1265,1266,3.97
1265,1267,3.97
1265,1195,8.19
1265,1212,0.98
1265,1213,1.96
1265,1214,0.51
1265,1215,1.96
1265,1216,1.68
1265,1217,0.89
1265,1218,0.65
1265,1219,1.96
1265,1264,2.15
1265,1237,1.96
1265,1203,7.39
1265,1221,6.26
1265,1222,4.25
1265,1268,1.26
1265,1224,1.96
1265,1225,3.74
1265,1227,4.95
1265,1228,3.36
1265,1230,2.85
1265,1231,5.23
1265,1236,1.26
1265,1226,3.36
1265,1229,5.95
1265,1234,1.34
1265,1235,0.28
1265,1220,6.26
1265,1233,0.7
1265,1240,3.97
1265,1244,3.97
1265,1248,3.97
1265,1253,1.96
1265,1254,3.97
1265,1255,1.96
1265,1256,3.97
1265,1379,1.96
1265,1380,3.97
1265,1196,6.49
1265,1197,7.39
1265,1200,6.99
1265,1202,6.49
1265,1204,3.97
1265,1205,3.97
1265,1223,2.2
1265,22072,1.5
1265,22063,5.99
1265,9321,5.95
1265,1207,4.49
1265,1208,5.79
1266,1238,3.97
1266,1239,1.96
1266,1241,1.96
1266,1242,3.97
1266,1243,1.96
1266,1245,1.96
1266,1246,3.97
1266,1247,1.96
1266,1251,1.96
1266,1252,3.97
1266,1257,1.78
1266,1258,1.96
1266,1259,2.15
1266,1260,1.78
1266,1261,1.78
1266,1262,1.96
1266,1263,1.96
1266,1265,2.15
1266,1267,3.97
1266,1195,8.19
1266,1212,0.98
1266,1213,1.96
1266,1214,0.51
1266,1215,1.96
1266,1216,1.68
1266,1217,0.89
1266,1218,0.65
1266,1219,1.96
1266,1224,1.96
1266,1226,3.36
1266,1227,4.95
1266,1230,2.85
1266,1231,5.23
1266,1235,0.28
1266,1264,2.15
1266,1237,1.96
1266,1203,7.39
1266,1221,6.26
1266,1222,4.25
1266,1268,1.26
1266,1225,3.74
1266,1228,3.36
1266,1229,5.95
1266,1234,1.34
1266,1236,1.26
1266,1233,0.7
1266,1240,3.97
1266,1244,3.97
1266,1248,3.97
1266,1253,1.96
1266,1254,3.97
1266,1255,1.96
1266,1256,3.97
1266,1379,1.96
1266,1380,3.97
1266,1196,6.49
1266,1197,7.39
1266,1200,6.99
1266,1202,6.49
1266,1204,3.97
1266,1205,3.97
1266,1220,6.26
1266,1223,2.2
1266,22072,1.5
1266,22063,5.99
1266,9321,5.95
1266,1249,1.96
1266,1250,3.97
1266,1207,4.49
1266,1208,5.79
1266,1232,5.23
1267,1238,3.97
1267,1239,1.96
1267,1241,1.96
1267,1242,3.97
1267,1243,1.96
1267,1245,1.96
1267,1246,3.97
1267,1247,1.96
1267,1251,1.96
1267,1252,3.97
1267,1257,1.78
1267,1258,1.96
1267,1259,2.15
1267,1260,1.78
1267,1261,1.78
1267,1262,1.96
1267,1263,1.96
1267,1265,2.15
1267,1266,3.97
1267,1195,8.19
1267,1212,0.98
1267,1213,1.96
1267,1214,0.51
1267,1215,1.96
1267,1216,1.68
1267,1217,0.89
1267,1218,0.65
1267,1219,1.96
1267,1264,2.15
1267,1233,0.7
1267,1237,1.96
1267,1248,3.97
1267,1220,6.26
1267,1221,6.26
1267,1203,7.39
1267,7474,0.0
1267,22072,1.5
1267,1222,4.25
1267,1223,2.2
1267,1224,1.96
1267,1225,3.74
1267,1227,4.95
1267,1228,3.36
1267,1230,2.85
1267,1231,5.23
1267,1236,1.26
1267,1226,3.36
1267,1229,5.95
1267,1234,1.34
1267,1235,0.28
1267,1268,1.26
1267,1240,3.97
1267,1244,3.97
1267,1253,1.96
1267,1254,3.97
1267,1255,1.96
1267,1256,3.97
1267,1379,1.96
1267,1380,3.97
1267,1196,6.49
1267,1197,7.39
1267,1200,6.99
1267,1202,6.49
1267,1204,3.97
1267,1205,3.97
1267,22063,5.99
1267,9321,5.95
1267,1207,4.49
1267,1208,5.79
1267,1209,4.3
1267,1250,3.97
1267,1232,5.23
1267,1249,1.96
1268,1264,2.15
1268,1257,1.78
1268,1261,1.78
1268,1263,1.96
1268,1266,3.97
1268,1265,2.15
1268,1258,1.96
1268,1259,2.15
1268,22063,5.99
1268,1260,1.78
1268,1224,1.96
1268,1225,3.74
1268,1226,3.36
1268,1227,4.95
1268,1228,3.36
1268,1229,5.95
1268,1230,2.85
1268,1231,5.23
1268,1234,1.34
1268,1235,0.28
1268,1236,1.26
1268,1267,3.97
1268,1262,1.96
1268,1212,0.98
1268,1213,1.96
1268,1214,0.51
1268,1215,1.96
1268,1216,1.68
1268,1217,0.89
1268,1218,0.65
1268,1219,1.96
1268,1233,0.7
1268,1237,1.96
1268,1238,3.97
1268,1239,1.96
1268,1240,3.97
1268,1241,1.96
1268,1242,3.97
1268,1243,1.96
1268,1244,3.97
1268,1245,1.96
1268,1246,3.97
1268,1247,1.96
1268,1248,3.97
1268,1251,1.96
1268,1252,3.97
1268,1253,1.96
1268,1254,3.97
1268,1255,1.96
1268,1256,3.97
1268,1379,1.96
1268,1380,3.97
1268,1195,8.19
1268,1196,6.49
1268,1197,7.39
1268,1200,6.99
1268,1202,6.49
1268,1203,7.39
1268,1204,3.97
1268,1205,3.97
1268,1220,6.26
1268,1221,6.26
1268,1222,4.25
1268,1223,2.2
1268,22072,1.5
1268,1207,4.49
1268,1208,5.79
1268,9321,5.95
1268,1249,1.96
1268,1250,3.97
1379,1238,3.97
1379,1239,1.96
1379,1242,3.97
1379,1243,1.96
1379,1244,3.97
1379,1245,1.96
1379,1246,3.97
1379,1247,1.96
1379,1248,3.97
1379,1251,1.96
1379,1252,3.97
1379,1254,3.97
1379,1256,3.97
1379,1237,1.96
1379,1253,1.96
1379,1258,1.96
1379,1196,6.49
1379,1202,6.49
1379,7474,0.0
1379,1214,0.51
1379,1215,1.96
1379,1220,6.26
1379,1255,1.96
1379,1380,3.97
1379,1224,1.96
1379,1225,3.74
1379,1226,3.36
1379,1227,4.95
1379,1228,3.36
1379,1229,5.95
1379,1230,2.85
1379,1231,5.23
1379,1234,1.34
1379,1235,0.28
1379,1236,1.26
1379,1240,3.97
1379,1241,1.96
1379,22072,1.5
1379,1195,8.19
1379,1197,7.39
1379,1200,6.99
1379,1203,7.39
1379,1204,3.97
1379,1205,3.97
1379,1212,0.98
1379,1221,6.26
1379,1222,4.25
1379,1223,2.2
1379,1233,0.7
1379,1257,1.78
1379,1259,2.15
1379,1260,1.78
1379,1261,1.78
1379,1262,1.96
1379,1263,1.96
1379,1264,2.15
1379,1265,2.15
1379,1266,3.97
1379,1267,3.97
1379,1268,1.26
1379,1213,1.96
1379,1216,1.68
1379,1217,0.89
1379,1218,0.65
1379,1219,1.96
1379,9321,5.95
1379,1249,1.96
1379,1250,3.97
1380,1256,3.97
1380,1237,1.96
1380,1239,1.96
1380,1241,1.96
1380,1212,0.98
1380,1216,1.68
1380,1217,0.89
1380,1220,6.26
1380,1221,6.26
1380,1222,4.25
1380,1223,2.2
1380,1238,3.97
1380,1240,3.97
1380,1242,3.97
1380,1244,3.97
1380,1245,1.96
1380,1246,3.97
1380,1247,1.96
1380,1248,3.97
1380,1251,1.96
1380,1252,3.97
1380,1253,1.96
1380,1254,3.97
1380,1255,1.96
1380,9321,5.95
1380,1379,1.96
1380,1224,1.96
1380,1225,3.74
1380,1226,3.36
1380,1227,4.95
1380,1228,3.36
1380,1229,5.95
1380,1230,2.85
1380,1231,5.23
1380,1233,0.7
1380,1234,1.34
1380,1235,0.28
1380,1236,1.26
1380,1243,1.96
1380,1257,1.78
1380,1258,1.96
1380,1259,2.15
1380,1260,1.78
1380,1261,1.78
1380,1262,1.96
1380,1263,1.96
1380,1264,2.15
1380,1265,2.15
1380,1266,3.97
1380,1267,3.97
1380,1268,1.26
1380,1195,8.19
1380,1196,6.49
1380,1197,7.39
1380,1200,6.99
1380,1202,6.49
1380,1203,7.39
1380,1204,3.97
1380,1205,3.97
1380,1213,1.96
1380,1214,0.51
1380,1215,1.96
1380,1218,0.65
1380,1219,1.96
1380,1250,3.97
1380,22063,5.99
1380,1249,1.96
9321,1237,1.96
9321,1251,1.96
9321,1252,3.97
9321,1242,3.97
9321,1243,1.96
9321,1253,1.96
9321,1238,3.97
9321,1239,1.96
9321,1240,3.97
9321,1244,3.97
9321,1245,1.96
9321,1246,3.97
9321,1247,1.96
9321,1248,3.97
9321,1254,3.97
9321,1255,1.96
9321,1380,3.97
9321,1241,1.96
9321,1256,3.97
9321,22072,1.5
9321,1220,6.26
9321,1221,6.26
9321,1222,4.25
9321,1223,2.2
9321,1225,3.74
9321,1229,5.95
9321,1231,5.23
9321,1234,1.34
9321,1236,1.26
9321,1259,2.15
9321,1265,2.15
9321,1266,3.97
9321,1267,3.97
9321,1379,1.96
9321,1257,1.78
9321,1258,1.96
9321,1260,1.78
9321,1261,1.78
9321,1262,1.96
9321,1263,1.96
9321,1224,1.96
9321,1235,0.28
9321,22063,5.99
9321,1216,1.68
9321,1268,1.26
22063,1258,1.96
22063,1224,1.96
22063,1225,3.74
22063,1220,6.26
22063,1262,1.96
22063,1263,1.96
22063,22072,1.5
22063,1221,6.26
22063,1222,4.25
22063,1223,2.2
22063,1261,1.78
22063,1237,1.96
22063,1257,1.78
22063,1228,3.36
22063,1229,5.95
22063,1264,2.15
22063,1259,2.15
22063,1268,1.26
22063,1213,1.96
22063,1226,3.36
22063,1227,4.95
22063,1230,2.85
22063,1231,5.23
22063,1234,1.34
22063,1236,1.26
22063,1251,1.96
22063,1196,6.49
22063,1212,0.98
22063,1208,5.79
22063,1235,0.28
22063,1202,6.49
22063,1214,0.51
22063,1215,1.96
22063,1238,3.97
22063,1247,1.96
22063,1195,8.19
22063,1197,7.39
22063,1200,6.99
22063,1243,1.96
22063,1246,3.97
22063,1203,7.39
22063,1242,3.97
22063,1241,1.96
22063,1255,1.96
22063,1265,2.15
22063,1266,3.97
22063,1267,3.97
22063,1260,1.78
22063,1256,3.97
22063,9321,5.95
22063,1216,1.68
22063,1248,3.97
22063,1254,3.97
22063,1252,3.97
22063,1253,1.96
22063,1380,3.97
22072,22063,5.99
22072,1220,6.26
22072,1261,1.78
22072,1262,1.96
22072,1237,1.96
22072,1221,6.26
22072,1242,3.97
22072,1243,1.96
22072,1246,3.97
22072,1224,1.96
22072,1213,1.96
22072,1212,0.98
22072,1223,2.2
22072,1247,1.96
22072,1258,1.96
22072,1267,3.97
22072,1222,4.25
22072,1225,3.74
22072,1228,3.36
22072,1229,5.95
22072,1230,2.85
22072,1234,1.34
22072,1236,1.26
22072,1238,3.97
22072,1239,1.96
22072,1240,3.97
22072,1241,1.96
22072,1245,1.96
22072,1248,3.97
22072,1251,1.96
22072,1252,3.97
22072,1253,1.96
22072,1254,3.97
22072,1256,3.97
22072,9321,5.95
22072,1217,0.89
22072,1218,0.65
22072,1226,3.36
22072,1195,8.19
22072,1214,0.51
22072,1227,4.95
22072,1231,5.23
22072,1257,1.78
22072,1235,0.28
22072,1215,1.96
22072,1216,1.68
22072,1219,1.96
22072,1244,3.97
22072,1379,1.96
22072,1196,6.49
22072,1197,7.39
22072,1200,6.99
22072,1202,6.49
22072,1203,7.39
22072,1204,3.97
22072,1205,3.97
22072,1260,1.78
22072,1265,2.15
22072,1266,3.97
22072,1255,1.96
22072,1263,1.96
22072,1264,2.15
22072,1268,1.26
22072,1259,2.15
22072,1208,5.79
1195,1238,3.97
1195,1239,1.96
1195,1241,1.96
1195,1242,3.97
1195,1243,1.96
1195,1245,1.96
1195,1246,3.97
1195,1247,1.96
1195,1251,1.96
1195,1252,3.97
1195,1257,1.78
1195,1258,1.96
1195,1259,2.15
1195,1260,1.78
1195,1261,1.78
1195,1262,1.96
1195,1263,1.96
1195,1265,2.15
1195,1266,3.97
1195,1267,3.97
1195,1212,0.98
1195,1213,1.96
1195,1214,0.51
1195,1215,1.96
1195,1216,1.68
1195,1217,0.89
1195,1218,0.65
1195,1219,1.96
1195,1196,6.49
1195,1197,7.39
1195,1202,6.49
1195,1203,7.39
1195,1225,3.74
1195,1235,0.28
1195,1237,1.96
1195,1224,1.96
1195,1226,3.36
1195,22072,1.5
1195,1227,4.95
1195,1228,3.36
1195,1229,5.95
1195,1230,2.85
1195,1231,5.23
1195,1234,1.34
1195,1236,1.26
1195,1240,3.97
1195,1244,3.97
1195,1248,3.97
1195,1253,1.96
1195,1254,3.97
1195,1379,1.96
1195,1200,6.99
1195,1204,3.97
1195,1205,3.97
1195,1220,6.26
1195,1221,6.26
1195,1222,4.25
1195,1223,2.2
1195,22063,5.99
1195,1233,0.7
1195,1255,1.96
1195,1256,3.97
1195,1264,2.15
1195,1268,1.26
1195,1380,3.97
1195,1208,5.79
1195,1209,4.3
1195,1207,4.49
1195,1250,3.97
1195,1249,1.96
1196,1237,1.96
1196,1251,1.96
1196,1258,1.96
1196,1203,7.39
1196,1204,3.97
1196,1213,1.96
1196,1214,0.51
1196,1216,1.68
1196,1217,0.89
1196,1218,0.65
1196,1255,1.96
1196,1197,7.39
1196,1200,6.99
1196,1215,1.96
1196,1195,8.19
1196,1202,6.49
1196,1205,3.97
1196,1212,0.98
1196,1243,1.96
1196,1244,3.97
1196,1253,1.96
1196,1379,1.96
1196,7474,0.0
1196,1220,6.26
1196,1224,1.96
1196,1225,3.74
1196,22063,5.99
1196,1226,3.36
1196,1227,4.95
1196,1228,3.36
1196,1229,5.95
1196,1230,2.85
1196,1231,5.23
1196,1234,1.34
1196,1235,0.28
1196,1236,1.26
1196,1238,3.97
1196,1240,3.97
1196,1241,1.96
1196,1242,3.97
1196,1246,3.97
1196,1247,1.96
1196,1248,3.97
1196,1252,3.97
1196,1254,3.97
1196,22072,1.5
1196,1221,6.26
1196,1222,4.25
1196,1223,2.2
1196,1257,1.78
1196,1233,0.7
1196,1239,1.96
1196,1245,1.96
1196,1256,3.97
1196,1259,2.15
1196,1260,1.78
1196,1261,1.78
1196,1262,1.96
1196,1263,1.96
1196,1264,2.15
1196,1265,2.15
1196,1266,3.97
1196,1267,3.97
1196,1268,1.26
1196,1380,3.97
1196,1219,1.96
1196,1250,3.97
1196,1208,5.79
1197,1251,1.96
1197,1255,1.96
1197,1258,1.96
1197,1196,6.49
1197,1200,6.99
1197,1203,7.39
1197,1214,0.51
1197,1215,1.96
1197,1195,8.19
1197,1202,6.49
1197,1205,3.97
1197,1237,1.96
1197,1245,1.96
1197,1212,0.98
1197,1213,1.96
1197,1224,1.96
1197,1225,3.74
1197,1226,3.36
1197,1227,4.95
1197,1228,3.36
1197,1229,5.95
1197,1230,2.85
1197,1231,5.23
1197,1234,1.34
1197,1235,0.28
1197,1236,1.26
1197,1243,1.96
1197,1238,3.97
1197,1240,3.97
1197,1241,1.96
1197,1242,3.97
1197,1244,3.97
1197,1246,3.97
1197,1247,1.96
1197,1248,3.97
1197,1252,3.97
1197,1253,1.96
1197,1254,3.97
1197,1379,1.96
1197,22072,1.5
1197,1204,3.97
1197,1220,6.26
1197,1221,6.26
1197,1222,4.25
1197,1223,2.2
1197,1257,1.78
1197,22063,5.99
1197,1233,0.7
1197,1239,1.96
1197,1256,3.97
1197,1259,2.15
1197,1260,1.78
1197,1261,1.78
1197,1262,1.96
1197,1263,1.96
1197,1264,2.15
1197,1265,2.15
1197,1266,3.97
1197,1267,3.97
1197,1268,1.26
1197,1380,3.97
1197,1216,1.68
1197,1217,0.89
1197,1218,0.65
1197,1219,1.96
1197,1250,3.97
1197,1249,1.96
1197,1207,4.49
1200,1251,1.96
1200,1255,1.96
1200,1258,1.96
1200,1196,6.49
1200,1197,7.39
1200,1203,7.39
1200,1214,0.51
1200,1215,1.96
1200,1237,1.96
1200,1238,3.97
1200,1241,1.96
1200,1257,1.78
1200,1224,1.96
1200,1225,3.74
1200,1226,3.36
1200,1227,4.95
1200,1228,3.36
1200,1229,5.95
1200,1230,2.85
1200,1231,5.23
1200,1234,1.34
1200,1235,0.28
1200,1236,1.26
1200,1240,3.97
1200,1242,3.97
1200,1243,1.96
1200,1244,3.97
1200,1246,3.97
1200,1247,1.96
1200,1248,3.97
1200,1252,3.97
1200,1253,1.96
1200,1254,3.97
1200,1379,1.96
1200,22072,1.5
1200,1195,8.19
1200,1202,6.49
1200,1204,3.97
1200,1205,3.97
1200,1212,0.98
1200,1220,6.26
1200,1221,6.26
1200,1222,4.25
1200,1223,2.2
1200,22063,5.99
1200,1239,1.96
1200,1233,0.7
1200,1245,1.96
1200,1256,3.97
1200,1259,2.15
1200,1260,1.78
1200,1261,1.78
1200,1262,1.96
1200,1263,1.96
1200,1264,2.15
1200,1265,2.15
1200,1266,3.97
1200,1267,3.97
1200,1268,1.26
1200,1380,3.97
1200,1213,1.96
1200,1216,1.68
1200,1217,0.89
1200,1218,0.65
1200,1219,1.96
1200,1250,3.97
1202,1251,1.96
1202,1258,1.96
1202,1195,8.19
1202,1196,6.49
1202,1197,7.39
1202,1203,7.39
1202,1214,0.51
1202,1204,3.97
1202,1213,1.96
1202,1217,0.89
1202,1218,0.65
1202,1243,1.96
1202,1245,1.96
1202,1257,1.78
1202,1215,1.96
1202,1237,1.96
1202,1212,0.98
1202,1244,3.97
1202,1253,1.96
1202,1379,1.96
1202,7474,0.0
1202,1220,6.26
1202,1224,1.96
1202,1225,3.74
1202,1226,3.36
1202,1227,4.95
1202,1228,3.36
1202,1229,5.95
1202,1230,2.85
1202,1231,5.23
1202,1234,1.34
1202,1235,0.28
1202,1236,1.26
1202,1238,3.97
1202,1240,3.97
1202,1241,1.96
1202,1242,3.97
1202,1246,3.97
1202,1247,1.96
1202,1248,3.97
1202,1252,3.97
1202,1254,3.97
1202,22072,1.5
1202,1200,6.99
1202,1205,3.97
1202,1221,6.26
1202,1222,4.25
1202,1223,2.2
1202,22063,5.99
1202,1233,0.7
1202,1239,1.96
1202,1255,1.96
1202,1256,3.97
1202,1259,2.15
1202,1260,1.78
1202,1261,1.78
1202,1262,1.96
1202,1263,1.96
1202,1264,2.15
1202,1265,2.15
1202,1266,3.97
1202,1267,3.97
1202,1268,1.26
1202,1380,3.97
1202,1216,1.68
1202,1219,1.96
1202,1250,3.97
1202,1249,1.96
1203,1237,1.96
1203,1251,1.96
1203,1258,1.96
1203,1196,6.49
1203,1204,3.97
1203,1213,1.96
1203,1214,0.51
1203,1216,1.68
1203,1217,0.89
1203,1218,0.65
1203,1255,1.96
1203,1197,7.39
1203,1200,6.99
1203,1215,1.96
1203,1195,8.19
1203,1202,6.49
1203,1224,1.96
1203,1228,3.36
1203,1229,5.95
1203,1230,2.85
1203,1231,5.23
1203,1238,3.97
1203,1243,1.96
1203,1247,1.96
1203,1212,0.98
1203,1219,1.96
1203,1239,1.96
1203,1248,3.97
1203,1257,1.78
1203,1259,2.15
1203,1262,1.96
1203,1264,2.15
1203,1267,3.97
1203,1245,1.96
1203,1260,1.78
1203,1261,1.78
1203,1265,2.15
1203,1266,3.97
1203,1221,6.26
1203,1222,4.25
1203,1220,6.26
1203,1225,3.74
1203,1226,3.36
1203,1205,3.97
1203,1241,1.96
1203,1223,2.2
1203,1227,4.95
1203,1234,1.34
1203,1235,0.28
1203,1236,1.26
1203,1240,3.97
1203,1242,3.97
1203,1244,3.97
1203,1246,3.97
1203,1252,3.97
1203,1253,1.96
1203,1254,3.97
1203,1379,1.96
1203,22072,1.5
1203,1233,0.7
1203,1256,3.97
1203,1263,1.96
1203,1268,1.26
1203,1380,3.97
1203,22063,5.99
1203,1250,3.97
1203,1249,1.96
1203,1207,4.49
1203,1208,5.79
1207,1267,3.97
1207,1208,5.79
1207,1229,5.95
1207,1251,1.96
1207,1257,1.78
1207,1258,1.96
1207,1261,1.78
1207,1263,1.96
1207,1195,8.19
1207,1209,4.3
1207,1205,3.97
1207,1214,0.51
1207,1222,4.25
1207,1225,3.74
1207,1228,3.36
1207,1230,2.85
1207,1234,1.34
1207,1260,1.78
1207,1264,2.15
1207,1265,2.15
1207,1266,3.97
1207,1268,1.26
1207,1237,1.96
1207,1238,3.97
1207,1245,1.96
1207,1247,1.96
1207,1249,1.96
1207,1252,3.97
1207,1254,3.97
1207,1197,7.39
1207,1203,7.39
1207,1226,3.36
1207,1241,1.96
1207,1242,3.97
1207,1243,1.96
1207,1246,3.97
1207,1248,3.97
1207,1256,3.97
1207,1239,1.96
1207,1250,3.97
1207,1224,1.96
1207,1227,4.95
1207,1231,5.23
1208,22063,5.99
1208,1212,0.98
1208,1213,1.96
1208,1267,3.97
1208,1207,4.49
1208,1229,5.95
1208,1234,1.34
1208,1247,1.96
1208,1251,1.96
1208,1258,1.96
1208,1195,8.19
1208,1209,4.3
1208,1214,0.51
1208,1220,6.26
1208,1221,6.26
1208,1222,4.25
1208,1223,2.2
1208,1257,1.78
1208,1261,1.78
1208,1263,1.96
1208,1205,3.97
1208,1259,2.15
1208,1216,1.68
1208,1218,0.65
1208,1225,3.74
1208,1228,3.36
1208,1230,2.85
1208,1260,1.78
1208,1264,2.15
1208,1265,2.15
1208,1266,3.97
1208,1268,1.26
1208,1226,3.36
1208,1238,3.97
1208,1241,1.96
1208,1242,3.97
1208,1243,1.96
1208,1246,3.97
1208,1235,0.28
1208,1250,3.97
1208,1254,3.97
1208,1203,7.39
1208,1248,3.97
1208,1252,3.97
1208,1256,3.97
1208,1237,1.96
1208,1239,1.96
1208,22072,1.5
1208,1215,1.96
1208,1227,4.95
1208,1196,6.49
1208,1224,1.96
1208,1231,5.23
1208,1219,1.96
1208,1240,3.97
1208,1244,3.97
1209,1229,5.95
1209,1234,1.34
1209,1247,1.96
1209,1251,1.96
1209,1258,1.96
1209,1195,8.19
1209,1208,5.79
1209,1214,0.51
1209,1220,6.26
1209,1221,6.26
1209,1222,4.25
1209,1223,2.2
1209,1257,1.78
1209,1261,1.78
1209,1263,1.96
1209,1267,3.97
1209,1207,4.49
1209,1205,3.97
1209,1238,3.97
1209,1242,3.97
1209,1246,3.97
1209,1248,3.97
1209,1252,3.97
1209,1256,3.97
1209,1239,1.96
1209,1240,3.97
1209,1244,3.97
7474,1258,1.96
7474,1267,3.97
7474,1237,1.96
7474,1243,1.96
7474,1244,3.97
7474,1253,1.96
7474,1379,1.96
7474,1196,6.49
7474,1202,6.49
7474,1214,0.51
7474,1215,1.96
7474,1220,6.26
7474,1222,4.25
7474,1223,2.2
7474,1221,6.26
7474,1224,1.96
7474,1225,3.74
7474,1226,3.36
7474,1229,5.95
1204,1237,1.96
1204,1251,1.96
1204,1258,1.96
1204,1196,6.49
1204,1203,7.39
1204,1213,1.96
1204,1214,0.51
1204,1216,1.68
1204,1217,0.89
1204,1218,0.65
1204,1202,6.49
1204,1238,3.97
1204,1212,0.98
1204,1225,3.74
1204,1226,3.36
1204,1228,3.36
1204,1230,2.85
1204,1239,1.96
1204,1243,1.96
1204,1259,2.15
1204,1205,3.97
1204,1215,1.96
1204,1263,1.96
1204,1224,1.96
1204,1227,4.95
1204,1229,5.95
1204,1231,5.23
1204,1234,1.34
1204,1235,0.28
1204,1236,1.26
1204,1240,3.97
1204,1241,1.96
1204,1242,3.97
1204,1244,3.97
1204,1246,3.97
1204,1247,1.96
1204,1248,3.97
1204,1252,3.97
1204,1253,1.96
1204,1254,3.97
1204,1379,1.96
1204,22072,1.5
1204,1195,8.19
1204,1197,7.39
1204,1200,6.99
1204,1220,6.26
1204,1221,6.26
1204,1222,4.25
1204,1223,2.2
1204,1233,0.7
1204,1245,1.96
1204,1255,1.96
1204,1256,3.97
1204,1257,1.78
1204,1260,1.78
1204,1261,1.78
1204,1262,1.96
1204,1264,2.15
1204,1265,2.15
1204,1266,3.97
1204,1267,3.97
1204,1268,1.26
1204,1380,3.97
1204,1219,1.96
1205,1225,3.74
1205,1226,3.36
1205,1228,3.36
1205,1230,2.85
1205,1237,1.96
1205,1238,3.97
1205,1239,1.96
1205,1243,1.96
1205,1251,1.96
1205,1258,1.96
1205,1259,2.15
1205,1203,7.39
1205,1204,3.97
1205,1214,0.51
1205,1215,1.96
1205,1216,1.68
1205,1197,7.39
1205,1196,6.49
1205,1224,1.96
1205,1227,4.95
1205,1229,5.95
1205,1231,5.23
1205,1234,1.34
1205,1235,0.28
1205,1236,1.26
1205,1240,3.97
1205,1241,1.96
1205,1242,3.97
1205,1244,3.97
1205,1246,3.97
1205,1247,1.96
1205,1248,3.97
1205,1252,3.97
1205,1253,1.96
1205,1254,3.97
1205,1379,1.96
1205,22072,1.5
1205,1195,8.19
1205,1200,6.99
1205,1202,6.49
1205,1212,0.98
1205,1220,6.26
1205,1221,6.26
1205,1222,4.25
1205,1223,2.2
1205,1233,0.7
1205,1245,1.96
1205,1255,1.96
1205,1256,3.97
1205,1257,1.78
1205,1260,1.78
1205,1261,1.78
1205,1262,1.96
1205,1263,1.96
1205,1264,2.15
1205,1265,2.15
1205,1266,3.97
1205,1267,3.97
1205,1268,1.26
1205,1380,3.97
1205,1213,1.96
1205,1217,0.89
1205,1218,0.65
1205,1219,1.96
1205,1207,4.49
1205,1208,5.79
1205,1209,4.3
1205,1249,1.96
1205,1250,3.97
1212,1213,1.96
1212,1214,0.51
1212,1215,1.96
1212,1216,1.68
1212,1218,0.65
1212,1219,1.96
1212,1238,3.97
1212,1239,1.96
1212,1241,1.96
1212,1242,3.97
1212,1243,1.96
1212,1245,1.96
1212,1246,3.97
1212,1247,1.96
1212,1251,1.96
1212,1252,3.97
1212,1257,1.78
1212,1258,1.96
1212,1259,2.15
1212,1260,1.78
1212,1261,1.78
1212,1262,1.96
1212,1263,1.96
1212,1265,2.15
1212,1266,3.97
1212,1267,3.97
1212,1195,8.19
1212,1217,0.89
1212,1204,3.97
1212,1203,7.39
1212,1233,0.7
1212,1237,1.96
1212,1248,3.97
1212,1264,2.15
1212,1220,6.26
1212,1221,6.26
1212,1222,4.25
1212,1223,2.2
1212,1196,6.49
1212,1380,3.97
1212,1197,7.39
1212,1202,6.49
1212,22072,1.5
1212,1224,1.96
1212,1225,3.74
1212,1228,3.36
1212,1229,5.95
1212,1230,2.85
1212,1234,1.34
1212,1236,1.26
1212,1235,0.28
1212,1226,3.36
1212,22063,5.99
1212,1227,4.95
1212,1231,5.23
1212,1240,3.97
1212,1253,1.96
1212,1254,3.97
1212,1244,3.97
1212,1379,1.96
1212,1200,6.99
1212,1205,3.97
1212,1208,5.79
1212,1268,1.26
1212,1255,1.96
1212,1256,3.97
1212,1249,1.96
1212,1250,3.97
1212,1232,5.23
1213,1237,1.96
1213,1251,1.96
1213,1258,1.96
1213,1196,6.49
1213,1203,7.39
1213,1204,3.97
1213,1214,0.51
1213,1216,1.68
1213,1217,0.89
1213,1218,0.65
1213,1238,3.97
1213,1242,3.97
1213,1243,1.96
1213,1245,1.96
1213,1247,1.96
1213,1252,3.97
1213,1215,1.96
1213,1219,1.96
1213,1212,0.98
1213,1239,1.96
1213,1241,1.96
1213,1246,3.97
1213,1257,1.78
1213,1259,2.15
1213,1260,1.78
1213,1261,1.78
1213,1262,1.96
1213,1263,1.96
1213,1265,2.15
1213,1266,3.97
1213,1267,3.97
1213,1195,8.19
1213,1202,6.49
1213,1233,0.7
1213,1248,3.97
1213,1264,2.15
1213,1220,6.26
1213,1221,6.26
1213,1222,4.25
1213,1197,7.39
1213,1228,3.36
1213,22072,1.5
1213,22063,5.99
1213,1224,1.96
1213,1225,3.74
1213,1226,3.36
1213,1208,5.79
1213,1240,3.97
1213,1227,4.95
1213,1229,5.95
1213,1230,2.85
1213,1231,5.23
1213,1234,1.34
1213,1235,0.28
1213,1236,1.26
1213,1268,1.26
1213,1244,3.97
1213,1253,1.96
1213,1254,3.97
1213,1255,1.96
1213,1256,3.97
1213,1379,1.96
1213,1380,3.97
1213,1200,6.99
1213,1205,3.97
1213,1223,2.2
1213,1249,1.96
1213,1250,3.97
1213,1232,5.23
1214,1237,1.96
1214,1251,1.96
1214,1258,1.96
1214,1196,6.49
1214,1203,7.39
1214,1204,3.97
1214,1213,1.96
1214,1216,1.68
1214,1217,0.89
1214,1218,0.65
1214,1255,1.96
1214,1197,7.39
1214,1200,6.99
1214,1215,1.96
1214,1212,0.98
1214,1219,1.96
1214,1238,3.97
1214,1239,1.96
1214,1241,1.96
1214,1242,3.97
1214,1243,1.96
1214,1245,1.96
1214,1246,3.97
1214,1247,1.96
1214,1252,3.97
1214,1257,1.78
1214,1259,2.15
1214,1260,1.78
1214,1261,1.78
1214,1262,1.96
1214,1263,1.96
1214,1265,2.15
1214,1266,3.97
1214,1267,3.97
1214,1195,8.19
1214,1202,6.49
1214,1224,1.96
1214,1228,3.36
1214,1229,5.95
1214,1230,2.85
1214,1231,5.23
1214,1248,3.97
1214,1264,2.15
1214,1221,6.26
1214,1222,4.25
1214,1220,6.26
1214,1225,3.74
1214,1226,3.36
1214,1205,3.97
1214,1223,2.2
1214,1227,4.95
1214,1234,1.34
1214,1235,0.28
1214,1236,1.26
1214,1244,3.97
1214,1253,1.96
1214,1379,1.96
1214,7474,0.0
1214,22072,1.5
1214,1240,3.97
1214,1254,3.97
1214,22063,5.99
1214,1268,1.26
1214,1233,0.7
1214,1256,3.97
1214,1380,3.97
1214,1208,5.79
1214,1209,4.3
1214,1207,4.49
1214,1249,1.96
1214,1250,3.97
1215,1251,1.96
1215,1255,1.96
1215,1258,1.96
1215,1196,6.49
1215,1197,7.39
1215,1200,6.99
1215,1203,7.39
1215,1214,0.51
1215,1237,1.96
1215,1238,3.97
1215,1242,3.97
1215,1243,1.96
1215,1245,1.96
1215,1247,1.96
1215,1252,3.97
1215,1213,1.96
1215,1216,1.68
1215,1217,0.89
1215,1219,1.96
1215,1212,0.98
1215,1218,0.65
1215,1239,1.96
1215,1241,1.96
1215,1246,3.97
1215,1257,1.78
1215,1259,2.15
1215,1260,1.78
1215,1261,1.78
1215,1262,1.96
1215,1263,1.96
1215,1265,2.15
1215,1266,3.97
1215,1267,3.97
1215,1195,8.19
1215,1224,1.96
1215,1228,3.36
1215,1229,5.95
1215,1230,2.85
1215,1231,5.23
1215,1248,3.97
1215,1264,2.15
1215,1221,6.26
1215,1222,4.25
1215,1220,6.26
1215,1225,3.74
1215,1226,3.36
1215,1204,3.97
1215,1205,3.97
1215,1202,6.49
1215,1223,2.2
1215,1244,3.97
1215,1253,1.96
1215,1379,1.96
1215,7474,0.0
1215,1227,4.95
1215,1234,1.34
1215,1235,0.28
1215,1236,1.26
1215,1240,3.97
1215,1254,3.97
1215,22072,1.5
1215,22063,5.99
1215,1268,1.26
1215,1233,0.7
1215,1256,3.97
1215,1380,3.97
1215,1250,3.97
1215,1208,5.79
1215,1249,1.96
1216,1237,1.96
1216,1251,1.96
1216,1258,1.96
1216,1196,6.49
1216,1203,7.39
1216,1204,3.97
1216,1213,1.96
1216,1214,0.51
1216,1217,0.89
1216,1218,0.65
1216,1238,3.97
1216,1242,3.97
1216,1243,1.96
1216,1245,1.96
1216,1247,1.96
1216,1252,3.97
1216,1215,1.96
1216,1219,1.96
1216,1212,0.98
1216,1239,1.96
1216,1241,1.96
1216,1246,3.97
1216,1257,1.78
1216,1259,2.15
1216,1260,1.78
1216,1261,1.78
1216,1262,1.96
1216,1263,1.96
1216,1265,2.15
1216,1266,3.97
1216,1267,3.97
1216,1195,8.19
1216,1224,1.96
1216,1228,3.36
1216,1229,5.95
1216,1230,2.85
1216,1231,5.23
1216,1264,2.15
1216,1233,0.7
1216,1248,3.97
1216,1220,6.26
1216,1221,6.26
1216,1222,4.25
1216,1225,3.74
1216,1226,3.36
1216,1235,0.28
1216,1244,3.97
1216,1205,3.97
1216,1380,3.97
1216,1223,2.2
1216,1227,4.95
1216,1234,1.34
1216,1236,1.26
1216,1240,3.97
1216,1253,1.96
1216,1254,3.97
1216,22072,1.5
1216,1268,1.26
1216,1255,1.96
1216,1256,3.97
1216,1379,1.96
1216,1197,7.39
1216,1200,6.99
1216,1202,6.49
1216,9321,5.95
1216,22063,5.99
1216,1208,5.79
1216,1249,1.96
1216,1250,3.97
1216,1232,5.23
1217,1237,1.96
1217,1251,1.96
1217,1258,1.96
1217,1196,6.49
1217,1203,7.39
1217,1204,3.97
1217,1213,1.96
1217,1214,0.51
1217,1216,1.68
1217,1218,0.65
1217,1238,3.97
1217,1242,3.97
1217,1243,1.96
1217,1245,1.96
1217,1247,1.96
1217,1252,3.97
1217,1215,1.96
1217,1219,1.96
1217,1239,1.96
1217,1241,1.96
1217,1246,3.97
1217,1257,1.78
1217,1259,2.15
1217,1260,1.78
1217,1261,1.78
1217,1262,1.96
1217,1263,1.96
1217,1265,2.15
1217,1266,3.97
1217,1267,3.97
1217,1195,8.19
1217,1212,0.98
1217,1202,6.49
1217,1233,0.7
1217,1248,3.97
1217,1264,2.15
1217,1220,6.26
1217,1221,6.26
1217,1380,3.97
1217,1222,4.25
1217,1223,2.2
1217,22072,1.5
1217,1224,1.96
1217,1225,3.74
1217,1226,3.36
1217,1227,4.95
1217,1228,3.36
1217,1229,5.95
1217,1230,2.85
1217,1231,5.23
1217,1234,1.34
1217,1235,0.28
1217,1236,1.26
1217,1240,3.97
1217,1253,1.96
1217,1254,3.97
1217,1268,1.26
1217,1244,3.97
1217,1255,1.96
1217,1256,3.97
1217,1379,1.96
1217,1197,7.39
1217,1200,6.99
1217,1205,3.97
1217,1232,5.23
1217,1249,1.96
1217,1250,3.97
1218,1237,1.96
1218,1251,1.96
1218,1258,1.96
1218,1196,6.49
1218,1203,7.39
1218,1204,3.97
1218,1213,1.96
1218,1214,0.51
1218,1216,1.68
1218,1217,0.89
1218,1212,0.98
1218,1215,1.96
1218,1219,1.96
1218,1238,3.97
1218,1239,1.96
1218,1241,1.96
1218,1242,3.97
1218,1243,1.96
1218,1245,1.96
1218,1246,3.97
1218,1247,1.96
1218,1252,3.97
1218,1257,1.78
1218,1259,2.15
1218,1260,1.78
1218,1261,1.78
1218,1262,1.96
1218,1263,1.96
1218,1265,2.15
1218,1266,3.97
1218,1267,3.97
1218,1195,8.19
1218,1202,6.49
1218,1225,3.74
1218,1226,3.36
1218,1223,2.2
1218,22072,1.5
1218,1224,1.96
1218,1227,4.95
1218,1228,3.36
1218,1229,5.95
1218,1230,2.85
1218,1231,5.23
1218,1234,1.34
1218,1235,0.28
1218,1236,1.26
1218,1240,3.97
1218,1248,3.97
1218,1253,1.96
1218,1254,3.97
1218,1220,6.26
1218,1221,6.26
1218,1222,4.25
1218,1264,2.15
1218,1268,1.26
1218,1233,0.7
1218,1244,3.97
1218,1255,1.96
1218,1256,3.97
1218,1379,1.96
1218,1380,3.97
1218,1197,7.39
1218,1200,6.99
1218,1205,3.97
1218,1208,5.79
1218,1250,3.97
1218,1249,1.96
1219,1237,1.96
1219,1238,3.97
1219,1242,3.97
1219,1243,1.96
1219,1245,1.96
1219,1247,1.96
1219,1252,3.97
1219,1213,1.96
1219,1215,1.96
1219,1216,1.68
1219,1217,0.89
1219,1212,0.98
1219,1214,0.51
1219,1218,0.65
1219,1239,1.96
1219,1241,1.96
1219,1246,3.97
1219,1251,1.96
1219,1257,1.78
1219,1258,1.96
1219,1259,2.15
1219,1260,1.78
1219,1261,1.78
1219,1262,1.96
1219,1263,1.96
1219,1265,2.15
1219,1266,3.97
1219,1267,3.97
1219,1195,8.19
1219,1203,7.39
1219,1220,6.26
1219,1224,1.96
1219,1225,3.74
1219,1226,3.36
1219,1227,4.95
1219,1228,3.36
1219,1229,5.95
1219,1230,2.85
1219,1231,5.23
1219,1234,1.34
1219,1235,0.28
1219,1236,1.26
1219,1240,3.97
1219,1248,3.97
1219,1253,1.96
1219,1254,3.97
1219,22072,1.5
1219,1221,6.26
1219,1222,4.25
1219,1223,2.2
1219,1264,2.15
1219,1268,1.26
1219,1233,0.7
1219,1244,3.97
1219,1255,1.96
1219,1256,3.97
1219,1379,1.96
1219,1380,3.97
1219,1196,6.49
1219,1197,7.39
1219,1200,6.99
1219,1202,6.49
1219,1204,3.97
1219,1205,3.97
1219,1249,1.96
1219,1250,3.97
1219,1208,5.79
1220,1222,4.25
1220,1223,2.2
1220,1233,0.7
1220,1237,1.96
1220,1238,3.97
1220,1241,1.96
1220,1242,3.97
1220,1245,1.96
1220,1246,3.97
1220,1248,3.97
1220,1257,1.78
1220,1264,2.15
1220,1267,3.97
1220,1212,0.98
1220,1213,1.96
1220,1216,1.68
1220,1217,0.89
1220,1221,6.26
1220,1251,1.96
1220,1258,1.96
1220,1203,7.39
1220,1214,0.51
1220,1215,1.96
1220,1259,2.15
1220,1261,1.78
1220,1239,1.96
1220,1380,3.97
1220,1224,1.96
1220,1225,3.74
1220,22063,5.99
1220,22072,1.5
1220,1247,1.96
1220,1252,3.97
1220,1253,1.96
1220,1254,3.97
1220,1260,1.78
1220,1229,5.95
1220,1230,2.85
1220,1240,3.97
1220,1243,1.96
1220,1256,3.97
1220,9321,5.95
1220,1231,5.23
1220,1235,0.28
1220,1236,1.26
1220,1262,1.96
1220,1219,1.96
1220,1244,3.97
1220,1379,1.96
1220,1196,6.49
1220,1202,6.49
1220,7474,0.0
1220,1226,3.36
1220,1227,4.95
1220,1228,3.36
1220,1234,1.34
1220,1218,0.65
1220,1195,8.19
1220,1197,7.39
1220,1200,6.99
1220,1204,3.97
1220,1205,3.97
1220,1255,1.96
1220,1265,2.15
1220,1263,1.96
1220,1266,3.97
1220,1268,1.26
1220,1208,5.79
1220,1209,4.3
1220,1249,1.96
1220,1250,3.97
1220,1232,5.23
1221,1222,4.25
1221,1223,2.2
1221,1233,0.7
1221,1237,1.96
1221,1238,3.97
1221,1241,1.96
1221,1242,3.97
1221,1245,1.96
1221,1246,3.97
1221,1248,3.97
1221,1257,1.78
1221,1264,2.15
1221,1267,3.97
1221,1212,0.98
1221,1213,1.96
1221,1216,1.68
1221,1217,0.89
1221,1220,6.26
1221,1247,1.96
1221,1251,1.96
1221,1258,1.96
1221,1260,1.78
1221,1261,1.78
1221,1262,1.96
1221,1265,2.15
1221,1266,3.97
1221,1203,7.39
1221,1214,0.51
1221,1215,1.96
1221,1259,2.15
1221,1239,1.96
1221,1380,3.97
1221,22063,5.99
1221,22072,1.5
1221,1229,5.95
1221,1230,2.85
1221,1240,3.97
1221,1243,1.96
1221,1252,3.97
1221,1253,1.96
1221,1254,3.97
1221,1256,3.97
1221,9321,5.95
1221,1224,1.96
1221,1225,3.74
1221,1226,3.36
1221,1227,4.95
1221,1228,3.36
1221,1231,5.23
1221,1234,1.34
1221,1236,1.26
1221,1235,0.28
1221,1218,0.65
1221,1219,1.96
1221,1244,3.97
1221,1379,1.96
1221,1195,8.19
1221,1196,6.49
1221,1197,7.39
1221,1200,6.99
1221,1202,6.49
1221,1204,3.97
1221,1205,3.97
1221,1255,1.96
1221,1263,1.96
1221,1268,1.26
1221,7474,0.0
1221,1208,5.79
1221,1209,4.3
1221,1249,1.96
1221,1250,3.97
1221,1232,5.23
1222,1220,6.26
1222,1223,2.2
1222,1221,6.26
1222,1237,1.96
1222,1245,1.96
1222,1247,1.96
1222,1251,1.96
1222,1257,1.78
1222,1258,1.96
1222,1260,1.78
1222,1261,1.78
1222,1262,1.96
1222,1265,2.15
1222,1266,3.97
1222,1203,7.39
1222,1212,0.98
1222,1213,1.96
1222,1214,0.51
1222,1215,1.96
1222,1216,1.68
1222,1259,2.15
1222,1241,1.96
1222,1239,1.96
1222,1380,3.97
1222,1217,0.89
1222,1224,1.96
1222,1225,3.74
1222,1235,0.28
1222,22063,5.99
1222,1246,3.97
1222,1248,3.97
1222,1252,3.97
1222,1253,1.96
1222,1254,3.97
1222,1264,2.15
1222,1267,3.97
1222,22072,1.5
1222,1238,3.97
1222,1240,3.97
1222,1242,3.97
1222,1243,1.96
1222,1256,3.97
1222,9321,5.95
1222,1231,5.23
1222,1226,3.36
1222,1227,4.95
1222,1228,3.36
1222,1229,5.95
1222,1230,2.85
1222,1234,1.34
1222,1236,1.26
1222,1218,0.65
1222,1219,1.96
1222,1244,3.97
1222,1379,1.96
1222,1195,8.19
1222,1196,6.49
1222,1197,7.39
1222,1200,6.99
1222,1202,6.49
1222,1204,3.97
1222,1205,3.97
1222,7474,0.0
1222,1255,1.96
1222,1263,1.96
1222,1233,0.7
1222,1268,1.26
1222,1208,5.79
1222,1209,4.3
1222,1207,4.49
1222,1249,1.96
1222,1250,3.97
1222,1232,5.23
1223,1220,6.26
1223,1222,4.25
1223,1221,6.26
1223,1257,1.78
1223,1258,1.96
1223,1259,2.15
1223,1261,1.78
1223,1212,0.98
1223,1237,1.96
1223,1241,1.96
1223,1203,7.39
1223,1214,0.51
1223,1215,1.96
1223,1239,1.96
1223,1380,3.97
1223,1216,1.68
1223,1217,0.89
1223,1225,3.74
1223,1226,3.36
1223,1242,3.97
1223,1218,0.65
1223,22063,5.99
1223,1246,3.97
1223,1247,1.96
1223,1248,3.97
1223,1252,3.97
1223,1253,1.96
1223,1254,3.97
1223,1260,1.78
1223,1264,2.15
1223,22072,1.5
1223,1267,3.97
1223,1238,3.97
1223,1240,3.97
1223,1243,1.96
1223,1245,1.96
1223,1251,1.96
1223,1256,3.97
1223,9321,5.95
1223,1224,1.96
1223,1227,4.95
1223,1228,3.36
1223,1229,5.95
1223,1230,2.85
1223,1231,5.23
1223,1234,1.34
1223,1236,1.26
1223,1235,0.28
1223,1219,1.96
1223,1244,3.97
1223,1379,1.96
1223,1195,8.19
1223,1196,6.49
1223,1197,7.39
1223,1200,6.99
1223,1202,6.49
1223,1204,3.97
1223,1205,3.97
1223,7474,0.0
1223,1255,1.96
1223,1263,1.96
1223,1233,0.7
1223,1262,1.96
1223,1265,2.15
1223,1266,3.97
1223,1268,1.26
1223,1213,1.96
1223,1208,5.79
1223,1209,4.3
1223,1249,1.96
1223,1250,3.97
1223,1232,5.23
